% ID         RA         Dec       Ebv      Gal Long  Gal Lat    Ecl Long  Ecl Lat   Entry
000001    0.00000  -90.00000   0.00   302.9319  -27.1283   270.0000 -66.5607      0
000012    0.00000  -85.32468   0.00   304.1534  -31.6810   281.6179 -66.1248     11
000014   45.00000  -85.32468   0.00   300.0304  -31.0571   279.5229 -69.6121     13
000016   90.00000  -85.32468   0.00   297.7648  -28.0740   270.0000 -71.2360     15
000018  135.00000  -85.32468   0.00   298.5795  -24.5744   260.4771 -69.6121     17
000020  180.00000  -85.32468   0.00   301.8063  -22.5658   258.3821 -66.1248     19
000022  225.00000  -85.32468   0.00   305.6349  -23.1439   262.6906 -63.0627     21
000024  270.00000  -85.32468   0.00   308.0041  -25.9968   270.0000 -61.8854     23
000026  315.00000  -85.32468   0.00   307.4820  -29.5418   277.3094 -63.0627     25
000050    0.00000  -80.64935   0.00   305.5010  -36.2209   292.4876 -64.8625     49
000052   25.71429  -80.64935   0.00   300.3638  -36.2211   294.0633 -68.9604     51
000054   51.42857  -80.64935   0.00   295.8917  -34.2623   290.1587 -72.9053     53
000056   77.14286  -80.64935   0.00   293.1154  -30.8419   278.3221 -75.5349     55
000058  102.85714  -80.64935   0.00   292.4496  -26.7392   261.6778 -75.5349     57
000060  128.57143  -80.64935   0.00   293.7962  -22.7798   249.8413 -72.9053     59
000062  154.28571  -80.64935   0.00   296.7551  -19.6866   245.9367 -68.9604     61
000064  180.00000  -80.64935   0.00   300.7530  -17.9960   247.5123 -64.8625     63
000066  205.71429  -80.64935   0.00   305.1101  -17.9958   252.2449 -61.3123     65
000068  231.42857  -80.64935   0.00   309.1080  -19.6861   258.7448 -58.7334     67
000070  257.14286  -80.64935   0.00   312.0672  -22.7791   266.1541 -57.3819     69
000072  282.85714  -80.64935   0.00   313.4141  -26.7385   273.8458 -57.3819     71
000074  308.57143  -80.64935   0.00   312.7487  -30.8412   281.2552 -58.7334     73
000076  334.28571  -80.64935   0.00   309.9728  -34.2618   287.7551 -61.3123     75
000113    0.00000  -75.97403   0.00   307.0146  -40.7438   302.1294 -62.8894    112
000115   17.56098  -75.97403   0.00   301.4214  -41.0990   305.9324 -66.8117    114
000117   35.12195  -75.97403   0.00   296.0537  -39.9418   307.5382 -71.0130    116
000119   52.68293  -75.97403   0.00   291.6575  -37.4487   305.0974 -75.1946    118
000121   70.24390  -75.97403   0.00   288.6832  -33.9625   294.8806 -78.7719    120
000123   87.80488  -75.97403   0.00   287.2697  -29.8952   273.2453 -80.5619    122
000125  105.36585  -75.97403   0.00   287.3503  -25.6553   249.4710 -79.4477    124
000127  122.92683  -75.97403   0.00   288.7579  -21.6156   236.5313 -76.1793    126
000129  140.48780  -75.97403   0.00   291.2814  -18.1012   232.5866 -72.0760    128
000131  158.04878  -75.97403   0.00   294.6816  -15.3842   233.4102 -67.8449    130
000133  175.60976  -75.97403   0.00   298.6901  -13.6737   236.7726 -63.8324    132
000135  193.17073  -75.97403   0.00   303.0094  -13.1025   241.6074 -60.2457    134
000137  210.73171  -75.97403   0.00   307.3229  -13.7154   247.3624 -57.2314    136
000139  228.29268  -75.97403   0.00   311.3148  -15.4644   253.7138 -54.9006    138
000141  245.85366  -75.97403   0.00   314.6884  -18.2136   260.4425 -53.3366    140
000143  263.41463  -75.97403   0.00   317.1763  -21.7516   267.3774 -52.5947    142
000145  280.97561  -75.97403   0.00   318.5402  -25.8043   274.3672 -52.7012    144
000147  298.53659  -75.97403   0.00   318.5704  -30.0446   281.2652 -53.6522    146
000149  316.09756  -75.97403   0.00   317.1018  -34.0985   287.9169 -55.4142    148
000151  333.65854  -75.97403   0.00   314.0732  -37.5564   294.1425 -57.9247    150
000153  351.21951  -75.97403   0.00   309.6328  -40.0073   299.7038 -61.0938    152
000201    0.00000  -71.29870   0.00   308.7489  -45.2441   310.3976 -60.3475    200
000203   13.58491  -71.29870   0.00   302.5981  -45.8277   315.3688 -64.0269    202
000205   27.16981  -71.29870   0.00   296.4847  -45.1062   319.6378 -68.0148    204
000207   40.75472  -71.29870   0.00   291.0632  -43.1658   322.7444 -72.2327    206
000209   54.33962  -71.29870   0.00   286.7835  -40.2180   323.6101 -76.5732    208
000211   67.92453  -71.29870   0.00   283.8364  -36.5354   319.1592 -80.8347    210
000213   81.50943  -71.29870   0.00   282.2192  -32.3981   298.8813 -84.3752    212
000215   95.09434  -71.29870   0.00   281.8301  -28.0645   251.2267 -84.9245    214
000217  108.67925  -71.29870   0.00   282.5343  -23.7642   223.6889 -81.8357    216
000219  122.26415  -71.29870   0.00   284.1950  -19.7004   216.7947 -77.6582    218
000221  135.84906  -71.29870   0.00   286.6806  -16.0535   216.7619 -73.3116    220
000223  149.43396  -71.29870   0.00   289.8591  -12.9829   219.4499 -69.0512    222
000225  163.01887  -71.29870   0.00   293.5899  -10.6252   223.4857 -64.9977    224
000227  176.60377  -71.29870   0.00   297.7168   -9.0883   228.3085 -61.2346    226
000229  190.18868  -71.29870   0.00   302.0665   -8.4449   233.6493 -57.8310    228
000231  203.77358  -71.29870   0.00   306.4532   -8.7260   239.3598 -54.8480    230
000233  217.35849  -71.29870   0.00   310.6892   -9.9181   245.3463 -52.3400    232
000235  230.94340  -71.29870   0.00   314.5954  -11.9641   251.5402 -50.3542    234
000237  244.52830  -71.29870   0.00   318.0086  -14.7692   257.8843 -48.9292    236
000239  258.11321  -71.29870   0.00   320.7827  -18.2074   264.3253 -48.0935    238
000241  271.69811  -71.29870   0.00   322.7833  -22.1276   270.8115 -47.8642    240
000243  285.28302  -71.29870   0.00   323.8796  -26.3578   277.2912 -48.2460    242
000245  298.86792  -71.29870   0.00   323.9369  -30.7042   283.7128 -49.2311    244
000247  312.45283  -71.29870   0.00   322.8177  -34.9480   290.0244 -50.7994    246
000249  326.03774  -71.29870   0.00   320.4012  -38.8419   296.1722 -52.9197    248
000251  339.62264  -71.29870   0.00   316.6356  -42.1125   302.0968 -55.5512    250
000253  353.20755  -71.29870   0.00   311.6242  -44.4791   307.7250 -58.6447    252
000312    0.00000  -66.62338   0.00   310.7812  -49.7136   317.3785 -57.3702    311
000314   11.25000  -66.62338   0.00   303.9356  -50.4923   322.9192 -60.8048    313
000316   22.50000  -66.62338   0.00   296.9914  -50.0577   328.3659 -64.4980    315
000318   33.75000  -66.62338   0.00   290.6136  -48.4576   333.7236 -68.4124    317
000320   45.00000  -66.62338   0.00   285.2902  -45.8535   338.9966 -72.5107    319
000322   56.25000  -66.62338   0.00   281.2469  -42.4670   344.1838 -76.7554    321
000324   67.50000  -66.62338   0.00   278.4986  -38.5289   349.2586 -81.1095    323
000326   78.75000  -66.62338   0.00   276.9468  -34.2496   354.0348 -85.5363    325
000328   90.00000  -66.62338   0.00   276.4562  -29.8114   269.9948 -89.9373    327
000330  101.25000  -66.62338   0.00   276.8949  -25.3707   185.9652 -85.5363    329
000332  112.50000  -66.62338   0.00   278.1490  -21.0645   190.7414 -81.1095    331
000334  123.75000  -66.62338   0.00   280.1229  -17.0159   195.8161 -76.7554    333
000336  135.00000  -66.62338   0.00   282.7330  -13.3379   201.0033 -72.5106    335
000338  146.25000  -66.62338   0.00   285.9002  -10.1352   206.2764 -68.4124    337
000340  157.50000  -66.62338   0.00   289.5408   -7.5025   211.6341 -64.4980    339
000342  168.75000  -66.62338   0.00   293.5607   -5.5224   217.0808 -60.8048    341
000344  180.00000  -66.62338   0.00   297.8517   -4.2603   222.6214 -57.3702    343
000346  191.25000  -66.62338   0.00   302.2920   -3.7596   228.2591 -54.2311    345
000348  202.50000  -66.62338   0.00   306.7513   -4.0380   233.9943 -51.4233    347
000350  213.75000  -66.62338   0.00   311.0979   -5.0856   239.8236 -48.9806    349
000352  225.00000  -66.62338   0.00   315.2071   -6.8661   245.7401 -46.9343    351
000354  236.25000  -66.62338   0.00   318.9664   -9.3198   251.7325 -45.3117    353
000356  247.50000  -66.62338   0.00   322.2779  -12.3686   257.7859 -44.1356    355
000358  258.75000  -66.62338   0.00   325.0556  -15.9209   263.8820 -43.4229    357
000360  270.00000  -66.62338   0.00   327.2197  -19.8747   270.0000 -43.1841    359
000362  281.25000  -66.62338   0.00   328.6889  -24.1192   276.1180 -43.4229    361
000364  292.50000  -66.62338   0.00   329.3717  -28.5347   282.2140 -44.1356    363
000366  303.75000  -66.62338   0.00   329.1597  -32.9887   288.2674 -45.3117    365
000368  315.00000  -66.62338   0.00   327.9257  -37.3308   294.2599 -46.9343    367
000370  326.25000  -66.62338   0.00   325.5326  -41.3868   300.1764 -48.9807    369
000372  337.50000  -66.62338   0.00   321.8651  -44.9541   306.0057 -51.4233    371
000374  348.75000  -66.62338   0.00   316.8958  -47.8060   311.7408 -54.2311    373
000446    0.00000  -61.94805   0.00   313.2241  -54.1404   323.2595 -54.0664    445
000448    9.60000  -61.94805   0.00   305.6114  -55.1123   328.9564 -57.2347    447
000450   19.20000  -61.94805   0.00   297.7467  -54.9241   334.7823 -60.6003    449
000452   28.80000  -61.94805   0.00   290.3622  -53.5966   340.8400 -64.1339    451
000454   38.40000  -61.94805   0.00   284.0244  -51.2654   347.3020 -67.8032    453
000456   48.00000  -61.94805   0.00   279.0060  -48.1308   354.4810 -71.5704    455
000458   57.60000  -61.94805   0.00   275.3293  -44.4032     3.0105 -75.3844    457
000460   67.20000  -61.94805   0.00   272.8800  -40.2714    14.3750 -79.1565    459
000462   76.80000  -61.94805   0.00   271.4997  -35.8935    32.7296 -82.6659    461
000464   86.40000  -61.94805   0.00   271.0359  -31.3995    69.6396 -85.1314    463
000466   96.00000  -61.94805   0.00   271.3615  -26.8980   122.2013 -84.7072    465
000468  105.60000  -61.94805   0.00   272.3764  -22.4827   152.9684 -81.8378    467
000470  115.20000  -61.94805   0.00   274.0042  -18.2380   168.8803 -78.2253    469
000472  124.80000  -61.94805   0.00   276.1854  -14.2428   179.3059 -74.4303    471
000474  134.40000  -61.94805   0.00   278.8702  -10.5724   187.4072 -70.6219    473
000476  144.00000  -61.94805   0.00   282.0125   -7.2996   194.3650 -66.8751    475
000478  153.60000  -61.94805   0.00   285.5631   -4.4936   200.7039 -63.2365    477
000480  163.20000  -61.94805   0.00   289.4649   -2.2188   206.6911 -59.7420    479
000482  172.80000  -61.94805   0.00   293.6491   -0.5311   212.4769 -56.4230    481
000484  182.40000  -61.94805   0.00   298.0342    0.5252   218.1526 -53.3085    483
000486  192.00000  -61.94805   0.00   302.5277    0.9210   223.7762 -50.4262    485
000488  201.60000  -61.94805   0.00   307.0302    0.6452   229.3852 -47.8026    487
000490  211.20000  -61.94805   0.00   311.4418   -0.2945   235.0037 -45.4627    489
000492  220.80000  -61.94805   0.00   315.6683   -1.8720   240.6460 -43.4299    491
000494  230.40000  -61.94805   0.00   319.6261   -4.0455   246.3191 -41.7255    493
000496  240.00000  -61.94805   0.00   323.2441   -6.7609   252.0240 -40.3681    495
000498  249.60000  -61.94805   0.00   326.4633   -9.9551   257.7573 -39.3730    497
000500  259.20000  -61.94805   0.00   329.2334  -13.5596   263.5120 -38.7518    499
000502  268.80000  -61.94805   0.00   331.5082  -17.5021   269.2788 -38.5118    501
000504  278.40000  -61.94805   0.00   333.2391  -21.7078   275.0470 -38.6559    503
000506  288.00000  -61.94805   0.00   334.3688  -26.0985   280.8057 -39.1823    505
000508  297.60000  -61.94805   0.00   334.8244  -30.5912   286.5451 -40.0849    507
000510  307.20000  -61.94805   0.00   334.5105  -35.0940   292.2576 -41.3530    509
000512  316.80000  -61.94805   0.00   333.3049  -39.5015   297.9387 -42.9723    511
000514  326.40000  -61.94805   0.00   331.0589  -43.6880   303.5883 -44.9248    513
000516  336.00000  -61.94805   0.00   327.6127  -47.5011   309.2117 -47.1901    515
000518  345.60000  -61.94805   0.00   322.8383  -50.7570   314.8213 -49.7451    517
000520  355.20000  -61.94805   0.00   316.7253  -53.2476   320.4383 -52.5651    519
000602    0.00000  -57.27273   0.00   316.2482  -58.5059   328.2444 -50.5190    601
000604    8.37209  -57.27273   0.00   307.7395  -59.6877   333.8677 -53.4317    603
000606   16.74419  -57.27273   0.00   298.7650  -59.7296   339.6789 -56.4903    605
000608   25.11628  -57.27273   0.00   290.1958  -58.6268   345.7757 -59.6683    607
000610   33.48837  -57.27273   0.00   282.7424  -56.5026   352.3030 -62.9355    609
000612   41.86047  -57.27273   0.00   276.7491  -53.5552   359.4846 -66.2548    611
000614   50.23256  -57.27273   0.00   272.2361  -49.9942     7.6806 -69.5760    613
000616   58.60465  -57.27273   0.00   269.0508  -46.0032    17.4952 -72.8244    615
000618   66.97674  -57.27273   0.00   266.9908  -41.7300    29.9609 -75.8736    617
000620   75.34884  -57.27273   0.00   265.8671  -37.2903    46.7309 -78.4920    619
000622   83.72093  -57.27273   0.00   265.5252  -32.7755    69.5320 -80.2647    621
000624   92.09302  -57.27273   0.00   265.8469  -28.2606    96.9891 -80.6612    623
000626  100.46512  -57.27273   0.00   266.7452  -23.8097   122.6688 -79.5180    625
000628  108.83721  -57.27273   0.00   268.1572  -19.4807   142.3180 -77.2575    627
000630  117.20930  -57.27273   0.00   270.0375  -15.3281   156.6912 -74.3850    629
000632  125.58140  -57.27273   0.00   272.3528  -11.4051   167.6662 -71.2155    631
000634  133.95349  -57.27273   0.00   275.0762   -7.7646   176.5745 -67.9190    633
000636  142.32558  -57.27273   0.00   278.1830   -4.4598   184.2063 -64.5914    635
000638  150.69767  -57.27273   0.00   281.6459   -1.5434   191.0260 -61.2929    637
000640  159.06977  -57.27273   0.00   285.4313    0.9334   197.3160 -58.0661    639
000642  167.44186  -57.27273   0.00   289.4963    2.9228   203.2554 -54.9443    641
000644  175.81395  -57.27273   0.00   293.7863    4.3834   208.9627 -51.9556    643
000646  184.18605  -57.27273   0.00   298.2354    5.2823   214.5186 -49.1248    645
000648  192.55814  -57.27273   0.00   302.7682    5.5986   219.9799 -46.4751    647
000650  200.93023  -57.27273   0.00   307.3040    5.3247   225.3866 -44.0281    649
000652  209.30233  -57.27273   0.00   311.7617    4.4672   230.7671 -41.8039    651
000654  217.67442  -57.27273   0.00   316.0655    3.0461   236.1410 -39.8216    653
000656  226.04651  -57.27273   0.00   320.1486    1.0934   241.5211 -38.0986    655
000658  234.41860  -57.27273   0.00   323.9558   -1.3498   246.9149 -36.6506    657
000660  242.79070  -57.27273   0.00   327.4431   -4.2363   252.3252 -35.4912    659
000662  251.16279  -57.27273   0.00   330.5765   -7.5149   257.7516 -34.6317    661
000664  259.53488  -57.27273   0.00   333.3283  -11.1329   263.1908 -34.0806    663
000666  267.90698  -57.27273   0.00   335.6738  -15.0374   268.6377 -33.8433    665
000668  276.27907  -57.27273   0.00   337.5865  -19.1752   274.0863 -33.9225    667
000670  284.65116  -57.27273   0.00   339.0335  -23.4933   279.5301 -34.3172    669
000672  293.02326  -57.27273   0.00   339.9707  -27.9373   284.9635 -35.0234    671
000674  301.39535  -57.27273   0.00   340.3365  -32.4497   290.3821 -36.0341    673
000676  309.76744  -57.27273   0.00   340.0458  -36.9668   295.7840 -37.3393    675
000678  318.13953  -57.27273   0.00   338.9831  -41.4148   301.1703 -38.9267    677
000680  326.51163  -57.27273   0.00   336.9965  -45.7035   306.5461 -40.7814    679
000682  334.88372  -57.27273   0.00   333.8991  -49.7192   311.9213 -42.8869    681
000684  343.25581  -57.27273   0.00   329.4879  -53.3169   317.3119 -45.2250    683
000686  351.62791  -57.27273   0.00   323.6034  -56.3153   322.7417 -47.7760    685
000779    0.00000  -52.59740   0.00   320.1224  -62.7802   332.5156 -46.7889    778
000781    7.50000  -52.59740   0.00   310.4269  -64.2178   338.0051 -49.4971    780
000783   15.00000  -52.59740   0.00   299.9133  -64.4806   343.6834 -52.3138    782
000785   22.50000  -52.59740   0.00   289.7392  -63.5319   349.6268 -55.2149    784
000787   30.00000  -52.59740   0.00   280.8982  -61.4987   355.9393 -58.1729    786
000789   37.50000  -52.59740   0.00   273.8456  -58.6045     2.7643 -61.1542    788
000791   45.00000  -52.59740   0.00   268.5622  -55.0817    10.3026 -64.1165    790
000793   52.50000  -52.59740   0.00   264.8038  -51.1248    18.8360 -67.0025    792
000795   60.00000  -52.59740   0.00   262.2839  -46.8812    28.7528 -69.7316    794
000797   67.50000  -52.59740   0.00   260.7527  -42.4595    40.5501 -72.1867    796
000799   75.00000  -52.59740   0.00   260.0158  -37.9408    54.7336 -74.1999    798
000801   82.50000  -52.59740   0.00   259.9299  -33.3878    71.4695 -75.5540    800
000803   90.00000  -52.59740   0.00   260.3923  -28.8515    90.0000 -76.0367    802
000805   97.50000  -52.59740   0.00   261.3307  -24.3759   108.5306 -75.5540    804
000807  105.00000  -52.59740   0.00   262.6952  -20.0010   125.2664 -74.1999    806
000809  112.50000  -52.59740   0.00   264.4520  -15.7653   139.4499 -72.1867    808
000811  120.00000  -52.59740   0.00   266.5785  -11.7070   151.2472 -69.7316    810
000813  127.50000  -52.59740   0.00   269.0595   -7.8652   161.1640 -67.0024    812
000815  135.00000  -52.59740   0.00   271.8835   -4.2803   169.6974 -64.1164    814
000817  142.50000  -52.59740   0.00   275.0393   -0.9940   177.2357 -61.1542    816
000819  150.00000  -52.59740   0.00   278.5132    1.9506   184.0607 -58.1729    818
000821  157.50000  -52.59740   0.00   282.2852    4.5106   190.3732 -55.2149    820
000823  165.00000  -52.59740   0.00   286.3273    6.6443   196.3166 -52.3138    822
000825  172.50000  -52.59740   0.00   290.6004    8.3135   201.9949 -49.4971    824
000827  180.00000  -52.59740   0.00   295.0542    9.4858   207.4844 -46.7889    826
000829  187.50000  -52.59740   0.00   299.6279   10.1368   212.8422 -44.2107    828
000831  195.00000  -52.59740   0.00   304.2530   10.2524   218.1110 -41.7823    830
000833  202.50000  -52.59740   0.00   308.8575    9.8301   223.3232 -39.5220    832
000835  210.00000  -52.59740   0.00   313.3707    8.8792   228.5029 -37.4471    834
000837  217.50000  -52.59740   0.00   317.7282    7.4197   233.6678 -35.5738    836
000839  225.00000  -52.59740   0.00   321.8748    5.4809   238.8306 -33.9168    838
000841  232.50000  -52.59740   0.00   325.7668    3.0989   243.9993 -32.4899    840
000843  240.00000  -52.59740   0.00   329.3715    0.3141   249.1787 -31.3049    842
000845  247.50000  -52.59740   0.00   332.6658   -2.8308   254.3701 -30.3721    844
000847  255.00000  -52.59740   0.00   335.6336   -6.2927   259.5729 -29.6997    846
000849  262.50000  -52.59740   0.00   338.2632  -10.0293   264.7841 -29.2938    848
000851  270.00000  -52.59740   0.00   340.5435  -13.9995   270.0000 -29.1581    850
000853  277.50000  -52.59740   0.00   342.4612  -18.1638   275.2159 -29.2938    852
000855  285.00000  -52.59740   0.00   343.9974  -22.4836   280.4271 -29.6997    854
000857  292.50000  -52.59740   0.00   345.1237  -26.9208   285.6299 -30.3721    856
000859  300.00000  -52.59740   0.00   345.7978  -31.4361   290.8213 -31.3049    858
000861  307.50000  -52.59740   0.00   345.9579  -35.9877   296.0007 -32.4899    860
000863  315.00000  -52.59740   0.00   345.5153  -40.5280   301.1694 -33.9168    862
000865  322.50000  -52.59740   0.00   344.3456  -45.0000   306.3322 -35.5738    864
000867  330.00000  -52.59740   0.00   342.2774  -49.3315   311.4971 -37.4471    866
000869  337.50000  -52.59740   0.00   339.0845  -53.4270   316.6768 -39.5220    868
000871  345.00000  -52.59740   0.00   334.4909  -57.1571   321.8889 -41.7823    870
000873  352.50000  -52.59740   0.00   328.2186  -60.3479   327.1578 -44.2107    872
000976    0.00000  -47.92208   0.00   325.2867  -66.9122   336.2232 -42.9208    975
000978    6.85714  -47.92208   0.00   314.0471  -68.6847   341.5610 -45.4643    977
000980   13.71429  -47.92208   0.00   301.3190  -69.1955   347.0691 -48.0891    979
000982   20.57143  -47.92208   0.00   288.8225  -68.3523   352.8051 -50.7734    981
000984   27.42857  -47.92208   0.00   278.1324  -66.3034   358.8422 -53.4924    983
000986   34.28571  -47.92208   0.00   269.8734  -63.3349     5.2738 -56.2169    985
000988   41.14286  -47.92208   0.00   263.8865  -59.7301    12.2187 -58.9115    987
000990   48.00000  -47.92208   0.00   259.7282  -55.7065    19.8266 -61.5321    989
000992   54.85714  -47.92208   0.00   256.9636  -51.4153    28.2796 -64.0221    991
000994   61.71429  -47.92208   0.00   255.2524  -46.9595    37.7842 -66.3087    993
000996   68.57143  -47.92208   0.00   254.3493  -42.4107    48.5377 -68.2990    995
000998   75.42857  -47.92208   0.00   254.0831  -37.8215    60.6497 -69.8808    997
001000   82.28571  -47.92208   0.00   254.3355  -33.2323    74.0156 -70.9336    999
001002   89.14286  -47.92208   0.00   255.0257  -28.6769    88.2030 -71.3560   1001
001004   96.00000  -47.92208   0.00   256.0991  -24.1847   102.4900 -71.1013   1003
001006  102.85714  -47.92208   0.00   257.5197  -19.7838   116.1156 -70.1981   1005
001008  109.71429  -47.92208   0.00   259.2648  -15.5014   128.5624 -68.7375   1007
001010  116.57143  -47.92208   0.00   261.3213  -11.3658   139.6511 -66.8382   1009
001012  123.42857  -47.92208   0.00   263.6825   -7.4062   149.4511 -64.6161   1011
001014  130.28571  -47.92208   0.00   266.3457   -3.6541   158.1472 -62.1693   1013
001016  137.14286  -47.92208   0.00   269.3098   -0.1428   165.9480 -59.5756   1015
001018  144.00000  -47.92208   0.00   272.5728    3.0921   173.0434 -56.8949   1017
001020  150.85714  -47.92208   0.00   276.1296    6.0134   179.5911 -54.1743   1019
001022  157.71429  -47.92208   0.00   279.9690    8.5830   185.7171 -51.4510   1021
001024  164.57143  -47.92208   0.00   284.0712   10.7628   191.5208 -48.7555   1023
001026  171.42857  -47.92208   0.00   288.4061   12.5172   197.0800 -46.1136   1025
001028  178.28571  -47.92208   0.00   292.9319   13.8146   202.4557 -43.5479   1027
001030  185.14286  -47.92208   0.00   297.5959   14.6296   207.6961 -41.0784   1029
001032  192.00000  -47.92208   0.00   302.3358   14.9457   212.8394 -38.7236   1031
001034  198.85714  -47.92208   0.00   307.0843   14.7562   217.9156 -36.5005   1033
001036  205.71429  -47.92208   0.00   311.7734   14.0650   222.9484 -34.4250   1035
001038  212.57143  -47.92208   0.00   316.3393   12.8865   227.9561 -32.5123   1037
001040  219.42857  -47.92208   0.00   320.7264   11.2439   232.9528 -30.7762   1039
001042  226.28571  -47.92208   0.00   324.8902    9.1675   237.9485 -29.2298   1041
001044  233.14286  -47.92208   0.00   328.7977    6.6921   242.9499 -27.8850   1043
001046  240.00000  -47.92208   0.00   332.4266    3.8554   247.9612 -26.7522   1045
001048  246.85714  -47.92208   0.00   335.7640    0.6955   252.9837 -25.8407   1047
001050  253.71429  -47.92208   0.00   338.8033   -2.7499   258.0170 -25.1580   1049
001052  260.57143  -47.92208   0.00   341.5420   -6.4449   263.0591 -24.7097   1051
001054  267.42857  -47.92208   0.00   343.9791  -10.3554   268.1066 -24.4997   1053
001056  274.28571  -47.92208   0.00   346.1124  -14.4498   273.1556 -24.5297   1055
001058  281.14286  -47.92208   0.00   347.9365  -18.6980   278.2021 -24.7996   1057
001060  288.00000  -47.92208   0.00   349.4401  -23.0718   283.2422 -25.3069   1059
001062  294.85714  -47.92208   0.00   350.6033  -27.5437   288.2730 -26.0474   1061
001064  301.71429  -47.92208   0.00   351.3939  -32.0860   293.2927 -27.0150   1063
001066  308.57143  -47.92208   0.00   351.7625  -36.6697   298.3012 -28.2017   1065
001068  315.42857  -47.92208   0.00   351.6357  -41.2623   303.3008 -29.5980   1067
001070  322.28571  -47.92208   0.00   350.9060  -45.8256   308.2959 -31.1929   1069
001072  329.14286  -47.92208   0.00   349.4171  -50.3106   313.2943 -32.9744   1071
001074  336.00000  -47.92208   0.00   346.9444  -54.6512   318.3068 -34.9292   1073
001076  342.85714  -47.92208   0.00   343.1732  -58.7539   323.3486 -37.0430   1075
001078  349.71429  -47.92208   0.00   337.6889  -62.4812   328.4391 -39.3006   1077
001080  356.57143  -47.92208   0.00   330.0332  -65.6336   333.6035 -41.6858   1079
001191    0.00000  -43.24675   0.00   332.4819  -70.8094   339.4867 -38.9473   1190
001193    6.31579  -43.24675   0.00   319.4570  -73.0317   344.6298 -41.3365   1192
001195   12.63158  -43.24675   0.00   303.5298  -73.8804   349.9172 -43.7860   1194
001197   18.94737  -43.24675   0.00   287.4816  -73.1434   355.3913 -46.2766   1196
001199   25.26316  -43.24675   0.00   274.1977  -71.0069     1.1029 -48.7867   1198
001201   31.57895  -43.24675   0.00   264.5554  -67.8799     7.1132 -51.2914   1200
001203   37.89474  -43.24675   0.00   257.9862  -64.1295    13.4948 -53.7622   1202
001205   44.21053  -43.24675   0.00   253.6447  -60.0015    20.3325 -56.1649   1204
001207   50.52632  -43.24675   0.00   250.8594  -55.6467    27.7218 -58.4588   1206
001209   56.84211  -43.24675   0.00   249.1730  -51.1582    35.7631 -60.5949   1208
001211   63.15789  -43.24675   0.00   248.2860  -46.5959    44.5489 -62.5149   1210
001213   69.47368  -43.24675   0.00   248.0029  -42.0009    54.1391 -64.1521   1212
001215   75.78947  -43.24675   0.00   248.1950  -37.4039    64.5254 -65.4341   1214
001217   82.10526  -43.24675   0.00   248.7769  -32.8292    75.5918 -66.2916   1216
001219   88.42105  -43.24675   0.00   249.6924  -28.2978    87.0950 -66.6701   1218
001221   94.73684  -43.24675   0.00   250.9049  -23.8291    98.6914 -66.5432   1220
001223  101.05263  -43.24675   0.00   252.3916  -19.4421   110.0142 -65.9198   1222
001225  107.36842  -43.24675   0.00   254.1399  -15.1561   120.7629 -64.8420   1224
001227  113.68421  -43.24675   0.00   256.1445  -10.9915   130.7581 -63.3733   1226
001229  120.00000  -43.24675   0.00   258.4053   -6.9704   139.9419 -61.5859   1228
001231  126.31579  -43.24675   0.00   260.9261   -3.1166   148.3452 -59.5500   1230
001233  132.63158  -43.24675   0.00   263.7124    0.5437   156.0480 -57.3283   1232
001235  138.94737  -43.24675   0.00   266.7705    3.9817   163.1491 -54.9744   1234
001237  145.26316  -43.24675   0.00   270.1051    7.1664   169.7474 -52.5330   1236
001239  151.57895  -43.24675   0.00   273.7177   10.0646   175.9335 -50.0414   1238
001241  157.89474  -43.24675   0.00   277.6038   12.6416   181.7861 -47.5307   1240
001243  164.21053  -43.24675   0.00   281.7508   14.8623   187.3720 -45.0275   1242
001245  170.52632  -43.24675   0.00   286.1358   16.6925   192.7470 -42.5548   1244
001247  176.84211  -43.24675   0.00   290.7243   18.1011   197.9574 -40.1332   1246
001249  183.15789  -43.24675   0.00   295.4698   19.0620   203.0418 -37.7809   1248
001251  189.47368  -43.24675   0.00   300.3153   19.5562   208.0318 -35.5149   1250
001253  195.78947  -43.24675   0.00   305.1967   19.5735   212.9537 -33.3509   1252
001255  202.10526  -43.24675   0.00   310.0469   19.1135   217.8287 -31.3035   1254
001257  208.42105  -43.24675   0.00   314.8017   18.1857   222.6742 -29.3867   1256
001259  214.73684  -43.24675   0.00   319.4032   16.8086   227.5039 -27.6136   1258
001261  221.05263  -43.24675   0.00   323.8042   15.0078   232.3286 -25.9964   1260
001263  227.36842  -43.24675   0.00   327.9693   12.8142   237.1559 -24.5466   1262
001265  233.68421  -43.24675   0.00   331.8748   10.2618   241.9913 -23.2747   1264
001267  240.00000  -43.24675   0.00   335.5073    7.3856   246.8377 -22.1900   1266
001269  246.31579  -43.24675   0.00   338.8620    4.2204   251.6963 -21.3008   1268
001271  252.63158  -43.24675   0.00   341.9399    0.7996   256.5666 -20.6141   1270
001273  258.94737  -43.24675   0.00   344.7457   -2.8456   261.4464 -20.1351   1272
001275  265.26316  -43.24675   0.00   347.2854   -6.6863   266.3329 -19.8678   1274
001277  271.57895  -43.24675   0.00   349.5648  -10.6963   271.2224 -19.8142   1276
001279  277.89474  -43.24675   0.00   351.5878  -14.8512   276.1109 -19.9748   1278
001281  284.21053  -43.24675   0.00   353.3548  -19.1291   280.9945 -20.3483   1280
001283  290.52632  -43.24675   0.00   354.8607  -23.5095   285.8699 -20.9318   1282
001285  296.84211  -43.24675   0.00   356.0935  -27.9730   290.7345 -21.7205   1284
001287  303.15789  -43.24675   0.00   357.0315  -32.5005   295.5870 -22.7084   1286
001289  309.47368  -43.24675   0.00   357.6391  -37.0728   300.4276 -23.8878   1288
001291  315.78947  -43.24675   0.00   357.8617  -41.6689   305.2585 -25.2499   1290
001293  322.10526  -43.24675   0.00   357.6166  -46.2649   310.0836 -26.7848   1292
001295  328.42105  -43.24675   0.00   356.7788  -50.8309   314.9097 -28.4814   1294
001297  334.73684  -43.24675   0.00   355.1586  -55.3264   319.7458 -30.3280   1296
001299  341.05263  -43.24675   0.00   352.4656  -59.6934   324.6041 -32.3117   1298
001301  347.36842  -43.24675   0.00   348.2561  -63.8420   329.5001 -34.4192   1300
001303  353.68421  -43.24675   0.00   341.8751  -67.6265   334.4531 -36.6361   1302
001423    0.00000  -38.57143   0.00   342.9365  -74.2954   342.4001 -34.8927   1422
001425    5.90164  -38.57143   0.00   328.1592  -77.1608   347.3705 -37.1582   1424
001427   11.80328  -38.57143   0.00   307.0854  -78.5227   352.4612 -39.4686   1426
001429   17.70492  -38.57143   0.00   284.6306  -77.8596   357.7039 -41.8066   1428
001431   23.60656  -38.57143   0.00   267.4660  -75.4474     3.1353 -44.1532   1430
001433   29.50820  -38.57143   0.00   256.5361  -71.9808     8.7974 -46.4872   1432
001435   35.40984  -38.57143   0.00   249.8973  -67.9599    14.7377 -48.7846   1434
001437   41.31148  -38.57143   0.00   245.8846  -63.6473    21.0086 -51.0181   1436
001439   47.21311  -38.57143   0.00   243.4995  -59.1765    27.6659 -53.1564   1438
001441   53.11475  -38.57143   0.00   242.1725  -54.6203    34.7654 -55.1636   1440
001443   59.01639  -38.57143   0.00   241.5721  -50.0216    42.3565 -56.9990   1442
001445   64.91803  -38.57143   0.00   241.4982  -45.4085    50.4726 -58.6174   1444
001447   70.81967  -38.57143   0.00   241.8264  -40.8015    59.1175 -59.9709   1446
001449   76.72131  -38.57143   0.00   242.4778  -36.2164    68.2507 -61.0119   1448
001451   82.62295  -38.57143   0.00   243.4017  -31.6671    77.7762 -61.6980   1450
001453   88.52459  -38.57143   0.00   244.5660  -27.1666    87.5426 -61.9981   1452
001455   94.42623  -38.57143   0.00   245.9516  -22.7275    97.3594 -61.8977   1454
001457  100.32787  -38.57143   0.00   247.5482  -18.3630   107.0274 -61.4016   1456
001459  106.22951  -38.57143   0.00   249.3527  -14.0872   116.3723 -60.5333   1458
001461  112.13115  -38.57143   0.00   251.3666   -9.9154   125.2697 -59.3303   1460
001463  118.03279  -38.57143   0.00   253.5958   -5.8646   133.6522 -57.8383   1462
001465  123.93443  -38.57143   0.00   256.0489   -1.9537   141.5031 -56.1055   1464
001467  129.83607  -38.57143   0.00   258.7368    1.7960   148.8430 -54.1788   1466
001469  135.73770  -38.57143   0.00   261.6711    5.3609   155.7146 -52.1013   1468
001471  141.63934  -38.57143   0.00   264.8635    8.7146   162.1716 -49.9112   1470
001473  147.54098  -38.57143   0.00   268.3237   11.8281   168.2704 -47.6421   1472
001475  153.44262  -38.57143   0.00   272.0574   14.6701   174.0653 -45.3232   1474
001477  159.34426  -38.57143   0.00   276.0648   17.2074   179.6064 -42.9801   1476
001479  165.24590  -38.57143   0.00   280.3371   19.4061   184.9386 -40.6353   1478
001481  171.14754  -38.57143   0.00   284.8549   21.2326   190.1011 -38.3088   1480
001483  177.04918  -38.57143   0.00   289.5863   22.6559   195.1279 -36.0188   1482
001485  182.95082  -38.57143   0.00   294.4863   23.6495   200.0486 -33.7818   1484
001487  188.85246  -38.57143   0.00   299.4982   24.1934   204.8882 -31.6132   1486
001489  194.75410  -38.57143   0.00   304.5568   24.2764   209.6682 -29.5274   1488
001491  200.65574  -38.57143   0.00   309.5932   23.8966   214.4067 -27.5380   1490
001493  206.55738  -38.57143   0.00   314.5403   23.0621   219.1188 -25.6579   1492
001495  212.45902  -38.57143   0.00   319.3378   21.7899   223.8168 -23.8993   1494
001497  218.36066  -38.57143   0.00   323.9365   20.1043   228.5105 -22.2739   1496
001499  224.26230  -38.57143   0.00   328.2995   18.0351   233.2077 -20.7925   1498
001501  230.16393  -38.57143   0.00   332.4032   15.6151   237.9136 -19.4652   1500
001503  236.06557  -38.57143   0.00   336.2353   12.8782   242.6319 -18.3014   1502
001505  241.96721  -38.57143   0.00   339.7930    9.8582   247.3641 -17.3095   1504
001507  247.86885  -38.57143   0.00   343.0802    6.5870   252.1105 -16.4966   1506
001509  253.77049  -38.57143   0.00   346.1057    3.0946   256.8696 -15.8690   1508
001511  259.67213  -38.57143   0.00   348.8804   -0.5918   261.6390 -15.4314   1510
001513  265.57377  -38.57143   0.00   351.4163   -4.4476   266.4154 -15.1872   1512
001515  271.47541  -38.57143   0.00   353.7245   -8.4506   271.1949 -15.1383   1514
001517  277.37705  -38.57143   0.00   355.8146  -12.5812   275.9734 -15.2850   1516
001519  283.27869  -38.57143   0.00   357.6936  -16.8216   280.7468 -15.6262   1518
001521  289.18033  -38.57143   0.00   359.3647  -21.1560   285.5114 -16.1594   1520
001523  295.08197  -38.57143   0.00     0.8266  -25.5699   290.2644 -16.8803   1522
001525  300.98361  -38.57143   0.00     2.0718  -30.0500   295.0038 -17.7835   1524
001527  306.88525  -38.57143   0.00     3.0846  -34.5832   299.7289 -18.8623   1526
001529  312.78689  -38.57143   0.00     3.8382  -39.1570   304.4407 -20.1090   1528
001531  318.68852  -38.57143   0.00     4.2895  -43.7579   309.1417 -21.5145   1530
001533  324.59016  -38.57143   0.00     4.3710  -48.3709   313.8363 -23.0693   1532
001535  330.49180  -38.57143   0.00     3.9772  -52.9774   318.5311 -24.7627   1534
001537  336.39344  -38.57143   0.00     2.9399  -57.5529   323.2348 -26.5835   1536
001539  342.29508  -38.57143   0.00     0.9836  -62.0606   327.9583 -28.5198   1538
001541  348.19672  -38.57143   0.00   357.6406  -66.4410   332.7155 -30.5591   1540
001543  354.09836  -38.57143   0.00   352.0944  -70.5877   337.5229 -32.6880   1542
001671    0.00000  -33.89610   0.00   358.3532  -77.0340   345.0371 -30.7751   1670
001673    5.58140  -33.89610   0.00   343.9485  -80.7798   349.8588 -32.9415   1672
001675   11.16279  -33.89610   0.00   314.6958  -83.0765   354.7798 -35.1410   1674
001677   16.74419  -33.89610   0.00   277.5854  -82.4517   359.8247 -37.3579   1676
001679   22.32558  -33.89610   0.00   254.9513  -79.4116     5.0207 -39.5754   1678
001681   27.90698  -33.89610   0.00   244.1932  -75.3982    10.3981 -41.7747   1680
001683   33.48837  -33.89610   0.00   238.8501  -71.0259    15.9896 -43.9356   1682
001685   39.06977  -33.89610   0.00   236.0838  -66.5021    21.8301 -46.0353   1684
001687   44.65116  -33.89610   0.00   234.7009  -61.9088    27.9549 -48.0486   1686
001689   50.23256  -33.89610   0.00   234.1441  -57.2850    34.3982 -49.9477   1688
001691   55.81395  -33.89610   0.00   234.1263  -52.6528    41.1891 -51.7018   1690
001693   61.39535  -33.89610   0.00   234.4878  -48.0262    48.3471 -53.2778   1692
001695   66.97674  -33.89610   0.00   235.1350  -43.4160    55.8763 -54.6412   1694
001697   72.55814  -33.89610   0.00   236.0111  -38.8309    63.7587 -55.7575   1696
001699   78.13953  -33.89610   0.00   237.0815  -34.2790    71.9489 -56.5945   1698
001701   83.72093  -33.89610   0.00   238.3256  -29.7683    80.3720 -57.1257   1700
001703   89.30233  -33.89610   0.00   239.7323  -25.3070    88.9271 -57.3328   1702
001705   94.88372  -33.89610   0.00   241.2971  -20.9038    97.4973 -57.2083   1704
001707  100.46512  -33.89610   0.00   243.0206  -16.5684   105.9636 -56.7569   1706
001709  106.04651  -33.89610   0.00   244.9074  -12.3115   114.2201 -55.9941   1708
001711  111.62791  -33.89610   0.00   246.9656   -8.1453   122.1849 -54.9448   1710
001713  117.20930  -33.89610   0.00   249.2056   -4.0834   129.8051 -53.6400   1712
001715  122.79070  -33.89610   0.00   251.6407   -0.1414   137.0563 -52.1138   1714
001717  128.37209  -33.89610   0.00   254.2856    3.6627   143.9376 -50.4011   1716
001719  133.95349  -33.89610   0.00   257.1564    7.3089   150.4653 -48.5353   1718
001721  139.53488  -33.89610   0.00   260.2699   10.7740   156.6667 -46.5478   1720
001723  145.11628  -33.89610   0.00   263.6417   14.0323   162.5750 -44.4672   1722
001725  150.69767  -33.89610   0.00   267.2856   17.0551   168.2254 -42.3194   1724
001727  156.27907  -33.89610   0.00   271.2106   19.8113   173.6532 -40.1277   1726
001729  161.86047  -33.89610   0.00   275.4193   22.2673   178.8916 -37.9129   1728
001731  167.44186  -33.89610   0.00   279.9042   24.3891   183.9716 -35.6942   1730
001733  173.02326  -33.89610   0.00   284.6459   26.1426   188.9212 -33.4888   1732
001735  178.60465  -33.89610   0.00   289.6104   27.4964   193.7656 -31.3128   1734
001737  184.18605  -33.89610   0.00   294.7491   28.4238   198.5271 -29.1809   1736
001739  189.76744  -33.89610   0.00   300.0003   28.9052   203.2255 -27.1071   1738
001741  195.34884  -33.89610   0.00   305.2927   28.9300   207.8778 -25.1047   1740
001743  200.93023  -33.89610   0.00   310.5519   28.4975   212.4989 -23.1862   1742
001745  206.51163  -33.89610   0.00   315.7059   27.6175   217.1015 -21.3637   1744
001747  212.09302  -33.89610   0.00   320.6919   26.3085   221.6960 -19.6485   1746
001749  217.67442  -33.89610   0.00   325.4595   24.5967   226.2911 -18.0517   1748
001751  223.25581  -33.89610   0.00   329.9733   22.5132   230.8935 -16.5836   1750
001753  228.83721  -33.89610   0.00   334.2124   20.0915   235.5080 -15.2541   1752
001755  234.41860  -33.89610   0.00   338.1681   17.3662   240.1379 -14.0720   1754
001757  240.00000  -33.89610   0.00   341.8420   14.3706   244.7847 -13.0458   1756
001759  245.58140  -33.89610   0.00   345.2426   11.1363   249.4485 -12.1827   1758
001761  251.16279  -33.89610   0.00   348.3832    7.6922   254.1281 -11.4889   1760
001763  256.74419  -33.89610   0.00   351.2794    4.0644   258.8211 -10.9698   1762
001765  262.32558  -33.89610   0.00   353.9479    0.2763   263.5242 -10.6292   1764
001767  267.90698  -33.89610   0.00   356.4049   -3.6516   268.2334 -10.4697   1766
001769  273.48837  -33.89610   0.00   358.6654   -7.7014   272.9442 -10.4925   1768
001771  279.06977  -33.89610   0.00     0.7426  -11.8570   277.6523 -10.6974   1770
001773  284.65116  -33.89610   0.00     2.6475  -16.1047   282.3532 -11.0830   1772
001775  290.23256  -33.89610   0.00     4.3884  -20.4322   287.0431 -11.6462   1774
001777  295.81395  -33.89610   0.00     5.9702  -24.8285   291.7190 -12.3828   1776
001779  301.39535  -33.89610   0.00     7.3940  -29.2840   296.3786 -13.2873   1778
001781  306.97674  -33.89610   0.00     8.6561  -33.7898   301.0211 -14.3533   1780
001783  312.55814  -33.89610   0.00     9.7460  -38.3376   305.6469 -15.5730   1782
001785  318.13953  -33.89610   0.00    10.6445  -42.9195   310.2581 -16.9381   1784
001787  323.72093  -33.89610   0.00    11.3187  -47.5275   314.8581 -18.4392   1786
001789  329.30233  -33.89610   0.00    11.7147  -52.1527   319.4524 -20.0666   1788
001791  334.88372  -33.89610   0.00    11.7440  -56.7849   324.0480 -21.8097   1790
001793  340.46512  -33.89610   0.00    11.2562  -61.4105   328.6542 -23.6573   1792
001795  346.04651  -33.89610   0.00     9.9826  -66.0085   333.2818 -25.5979   1794
001797  351.62791  -33.89610   0.00     7.4068  -70.5426   337.9442 -27.6194   1796
001799  357.20930  -33.89610   0.00     2.4354  -74.9378   342.6566 -29.7089   1798
001933    0.00000  -29.22078   0.00    19.4704  -78.4791   347.4561 -26.6086   1932
001935    5.29412  -29.22078   0.00    13.7479  -83.0121   352.1183 -28.6805   1934
001937   10.58824  -29.22078   0.00   346.1363  -87.1041   356.8607 -30.7760   1936
001939   15.88235  -29.22078   0.00   251.7795  -86.6122     1.7021 -32.8811   1938
001941   21.17647  -29.22078   0.00   230.8005  -82.3778     6.6632 -34.9807   1940
001943   26.47059  -29.22078   0.00   226.0043  -77.8280    11.7662 -37.0588   1942
001945   31.76471  -29.22078   0.00   224.5195  -73.2225    17.0342 -39.0980   1944
001947   37.05882  -29.22078   0.00   224.2317  -68.6034    22.4913 -41.0793   1946
001949   42.35294  -29.22078   0.00   224.5172  -63.9848    28.1609 -42.9822   1948
001951   47.64706  -29.22078   0.00   225.1300  -59.3739    34.0651 -44.7848   1950
001953   52.94118  -29.22078   0.00   225.9559  -54.7756    40.2223 -46.4631   1952
001955   58.23529  -29.22078   0.00   226.9364  -50.1942    46.6448 -47.9921   1954
001957   63.52941  -29.22078   0.00   228.0399  -45.6336    53.3364 -49.3459   1956
001959   68.82353  -29.22078   0.00   229.2495  -41.0979    60.2884 -50.4985   1958
001961   74.11765  -29.22078   0.00   230.5568  -36.5913    67.4778 -51.4255   1960
001963   79.41176  -29.22078   0.00   231.9590  -32.1185    74.8651 -52.1052   1962
001965   84.70588  -29.22078   0.00   233.4572  -27.6846    82.3951 -52.5204   1964
001967   90.00000  -29.22078   0.00   235.0553  -23.2953    90.0000 -52.6601   1966
001969   95.29412  -29.22078   0.00   236.7597  -18.9573    97.6049 -52.5204   1968
001971  100.58824  -29.22078   0.00   238.5789  -14.6778   105.1349 -52.1052   1970
001973  105.88235  -29.22078   0.00   240.5232  -10.4653   112.5222 -51.4255   1972
001975  111.17647  -29.22078   0.00   242.6052   -6.3295   119.7116 -50.4985   1974
001977  116.47059  -29.22078   0.00   244.8389   -2.2816   126.6636 -49.3458   1976
001979  121.76471  -29.22078   0.00   247.2404    1.6655   133.3552 -47.9921   1978
001981  127.05882  -29.22078   0.00   249.8276    5.4969   139.7777 -46.4631   1980
001983  132.35294  -29.22078   0.00   252.6196    9.1955   145.9349 -44.7848   1982
001985  137.64706  -29.22078   0.00   255.6367   12.7415   151.8391 -42.9822   1984
001987  142.94118  -29.22078   0.00   258.8996   16.1123   157.5087 -41.0792   1986
001989  148.23529  -29.22078   0.00   262.4282   19.2823   162.9658 -39.0979   1988
001991  153.52941  -29.22078   0.00   266.2396   22.2227   168.2338 -37.0588   1990
001993  158.82353  -29.22078   0.00   270.3465   24.9020   173.3368 -34.9807   1992
001995  164.11765  -29.22078   0.00   274.7537   27.2862   178.2979 -32.8811   1994
001997  169.41176  -29.22078   0.00   279.4552   29.3401   183.1393 -30.7760   1996
001999  174.70588  -29.22078   0.00   284.4308   31.0289   187.8817 -28.6805   1998
002001  180.00000  -29.22078   0.00   289.6438   32.3202   192.5439 -26.6086   2000
002003  185.29412  -29.22078   0.00   295.0404   33.1868   197.1434 -24.5736   2002
002005  190.58824  -29.22078   0.00   300.5518   33.6090   201.6957 -22.5881   2004
002007  195.88235  -29.22078   0.00   306.0986   33.5766   206.2145 -20.6641   2006
002009  201.17647  -29.22078   0.00   311.5983   33.0905   210.7123 -18.8133   2008
002011  206.47059  -29.22078   0.00   316.9728   32.1622   215.1995 -17.0467   2010
002013  211.76471  -29.22078   0.00   322.1550   30.8126   219.6851 -15.3751   2012
002015  217.05882  -29.22078   0.00   327.0935   29.0699   224.1767 -13.8089   2014
002017  222.35294  -29.22078   0.00   331.7541   26.9670   228.6800 -12.3577   2016
002019  227.64706  -29.22078   0.00   336.1187   24.5388   233.1994 -11.0310   2018
002021  232.94118  -29.22078   0.00   340.1831   21.8204   237.7377  -9.8375   2020
002023  238.23529  -29.22078   0.00   343.9535   18.8456   242.2965  -8.7854   2022
002025  243.52941  -29.22078   0.00   347.4432   15.6454   246.8758  -7.8818   2024
002027  248.82353  -29.22078   0.00   350.6700   12.2482   251.4742  -7.1333   2026
002029  254.11765  -29.22078   0.00   353.6539    8.6792   256.0896  -6.5452   2028
002031  259.41176  -29.22078   0.00   356.4156    4.9606   260.7184  -6.1220   2030
002033  264.70588  -29.22078   0.00   358.9752    1.1118   265.3568  -5.8668   2032
002035  270.00000  -29.22078   0.00     1.3519   -2.8505   270.0000  -5.7815   2034
002037  275.29412  -29.22078   0.00     3.5631   -6.9116   274.6432  -5.8668   2036
002039  280.58824  -29.22078   0.00     5.6247  -11.0589   279.2816  -6.1220   2038
002041  285.88235  -29.22078   0.00     7.5506  -15.2815   283.9104  -6.5452   2040
002043  291.17647  -29.22078   0.00     9.3529  -19.5698   288.5258  -7.1333   2042
002045  296.47059  -29.22078   0.00    11.0417  -23.9155   293.1242  -7.8818   2044
002047  301.76471  -29.22078   0.00    12.6253  -28.3115   297.7035  -8.7854   2046
002049  307.05882  -29.22078   0.00    14.1097  -32.7513   302.2622  -9.8375   2048
002051  312.35294  -29.22078   0.00    15.4984  -37.2292   306.8006 -11.0310   2050
002053  317.64706  -29.22078   0.00    16.7921  -41.7402   311.3200 -12.3577   2052
002055  322.94118  -29.22078   0.00    17.9873  -46.2797   315.8233 -13.8089   2054
002057  328.23529  -29.22078   0.00    19.0746  -50.8435   320.3149 -15.3752   2056
002059  333.52941  -29.22078   0.00    20.0356  -55.4275   324.8005 -17.0467   2058
002061  338.82353  -29.22078   0.00    20.8357  -60.0279   329.2877 -18.8133   2060
002063  344.11765  -29.22078   0.00    21.4109  -64.6402   333.7854 -20.6641   2062
002065  349.41176  -29.22078   0.00    21.6347  -69.2594   338.3043 -22.5881   2064
002067  354.70588  -29.22078   0.00    21.2298  -73.8777   342.8566 -24.5736   2066
002207    0.00000  -24.54545   0.00    42.6470  -78.1474   349.7040 -22.4041   2206
002209    5.10638  -24.54545   0.00    51.5209  -82.5612   354.2669 -24.4149   2208
002211   10.21277  -24.54545   0.00    79.6617  -86.4866   358.8948 -26.4419   2210
002213   15.31915  -24.54545   0.00   164.0758  -86.5985     3.6033 -28.4720   2212
002215   20.42553  -24.54545   0.00   193.8415  -82.7187     8.4090 -30.4915   2214
002217   25.53191  -24.54545   0.00   202.9952  -78.3115    13.3291 -32.4858   2216
002219   30.63830  -24.54545   0.00   207.7366  -73.8057    18.3813 -34.4392   2218
002221   35.74468  -24.54545   0.00   210.9220  -69.2702    23.5834 -36.3352   2220
002223   40.85106  -24.54545   0.00   213.3961  -64.7263    28.9522 -38.1562   2222
002225   45.95745  -24.54545   0.00   215.4955  -60.1836    34.5032 -39.8835   2224
002227   51.06383  -24.54545   0.00   217.3815  -55.6478    40.2487 -41.4973   2226
002229   56.17021  -24.54545   0.00   219.1428  -51.1230    46.1970 -42.9772   2228
002231   61.27660  -24.54545   0.00   220.8329  -46.6130    52.3502 -44.3022   2230
002233   66.38298  -24.54545   0.00   222.4877  -42.1212    58.7028 -45.4518   2232
002235   71.48936  -24.54545   0.00   224.1328  -37.6511    65.2401 -46.4063   2234
002237   76.59574  -24.54545   0.00   225.7883  -33.2064    71.9375 -47.1477   2236
002239   81.70213  -24.54545   0.00   227.4711  -28.7911    78.7602 -47.6615   2238
002241   86.80851  -24.54545   0.00   229.1961  -24.4098    85.6648 -47.9367   2240
002243   91.91489  -24.54545   0.00   230.9774  -20.0674    92.6019 -47.9674   2242
002245   97.02128  -24.54545   0.00   232.8291  -15.7697    99.5195 -47.7530   2244
002247  102.12766  -24.54545   0.00   234.7656  -11.5231   106.3670 -47.2980   2246
002249  107.23404  -24.54545   0.00   236.8020   -7.3351   113.0993 -46.6122   2248
002251  112.34043  -24.54545   0.00   238.9546   -3.2144   119.6794 -45.7095   2250
002253  117.44681  -24.54545   0.00   241.2410    0.8291   126.0799 -44.6069   2252
002255  122.55319  -24.54545   0.00   243.6805    4.7836   132.2838 -43.3238   2254
002257  127.65957  -24.54545   0.00   246.2940    8.6357   138.2834 -41.8806   2256
002259  132.76596  -24.54545   0.00   249.1043   12.3694   144.0791 -40.2983   2258
002261  137.87234  -24.54545   0.00   252.1357   15.9663   149.6777 -38.5976   2260
002263  142.97872  -24.54545   0.00   255.4135   19.4050   155.0907 -36.7982   2262
002265  148.08511  -24.54545   0.00   258.9633   22.6607   160.3329 -34.9192   2264
002267  153.19149  -24.54545   0.00   262.8092   25.7053   165.4210 -32.9786   2266
002269  158.29787  -24.54545   0.00   266.9718   28.5069   170.3724 -30.9930   2268
002271  163.40426  -24.54545   0.00   271.4648   31.0306   175.2050 -28.9785   2270
002273  168.51064  -24.54545   0.00   276.2913   33.2388   179.9362 -26.9497   2272
002275  173.61702  -24.54545   0.00   281.4389   35.0934   184.5828 -24.9206   2274
002277  178.72340  -24.54545   0.00   286.8765   36.5572   189.1605 -22.9045   2276
002279  183.82979  -24.54545   0.00   292.5514   37.5972   193.6843 -20.9141   2278
002281  188.93617  -24.54545   0.00   298.3902   38.1879   198.1677 -18.9614   2280
002283  194.04255  -24.54545   0.00   304.3035   38.3137   202.6231 -17.0580   2282
002285  199.14894  -24.54545   0.00   310.1941   37.9713   207.0617 -15.2153   2284
002287  204.25532  -24.54545   0.00   315.9672   37.1698   211.4935 -13.4440   2286
002289  209.36170  -24.54545   0.00   321.5401   35.9297   215.9271 -11.7547   2288
002291  214.46809  -24.54545   0.00   326.8486   34.2804   220.3698 -10.1577   2290
002293  219.57447  -24.54545   0.00   331.8501   32.2572   224.8275  -8.6629   2292
002295  224.68085  -24.54545   0.00   336.5225   29.8981   229.3048  -7.2796   2294
002297  229.78723  -24.54545   0.00   340.8613   27.2411   233.8049  -6.0170   2296
002299  234.89362  -24.54545   0.00   344.8750   24.3227   238.3296  -4.8834   2298
002301  240.00000  -24.54545   0.00   348.5808   21.1766   242.8794  -3.8866   2300
002303  245.10638  -24.54545   0.00   352.0014   17.8328   247.4535  -3.0337   2302
002305  250.21277  -24.54545   0.00   355.1619   14.3179   252.0497  -2.3308   2304
002307  255.31915  -24.54545   0.00   358.0877   10.6551   256.6650  -1.7832   2306
002309  260.42553  -24.54545   0.00     0.8039    6.8645   261.2952  -1.3950   2308
002311  265.53191  -24.54545   0.00     3.3340    2.9631   265.9355  -1.1692   2310
002313  270.63830  -24.54545   0.00     5.7001   -1.0342   270.5807  -1.1075   2312
002315  275.74468  -24.54545   0.00     7.9222   -5.1148   275.2252  -1.2103   2314
002317  280.85106  -24.54545   0.00    10.0189   -9.2679   279.8635  -1.4770   2316
002319  285.95745  -24.54545   0.00    12.0071  -13.4840   284.4904  -1.9053   2318
002321  291.06383  -24.54545   0.00    13.9024  -17.7552   289.1012  -2.4922   2320
002323  296.17021  -24.54545   0.00    15.7198  -22.0744   293.6922  -3.2330   2322
002325  301.27660  -24.54545   0.00    17.4732  -26.4355   298.2603  -4.1225   2324
002327  306.38298  -24.54545   0.00    19.1768  -30.8331   302.8039  -5.1542   2326
002329  311.48936  -24.54545   0.00    20.8450  -35.2625   307.3224  -6.3209   2328
002331  316.59574  -24.54545   0.00    22.4935  -39.7195   311.8166  -7.6145   2330
002333  321.70213  -24.54545   0.00    24.1403  -44.2001   316.2886  -9.0265   2332
002335  326.80851  -24.54545   0.00    25.8078  -48.7008   320.7421 -10.5478   2334
002337  331.91489  -24.54545   0.00    27.5256  -53.2180   325.1819 -12.1688   2336
002339  337.02128  -24.54545   0.00    29.3365  -57.7484   329.6143 -13.8795   2338
002341  342.12766  -24.54545   0.00    31.3072  -62.2880   334.0469 -15.6697   2340
002343  347.23404  -24.54545   0.00    33.5532  -66.8321   338.4888 -17.5286   2342
002345  352.34043  -24.54545   0.00    36.2970  -71.3737   342.9501 -19.4454   2344
002347  357.44681  -24.54545   0.00    40.0399  -75.8994   347.4423 -21.4087   2346
002491    0.00000  -19.87013   0.00    61.8399  -76.1664   351.8193 -18.1703   2490
002493    4.93151  -19.87013   0.00    76.2324  -79.7328   356.2737 -20.1209   2492
002495    9.86301  -19.87013   0.00   101.5793  -82.2401     0.7792 -22.0813   2494
002497   14.79452  -19.87013   0.00   137.0675  -82.5285     5.3489 -24.0397   2496
002499   19.72603  -19.87013   0.00   165.3026  -80.3957     9.9960 -25.9832   2498
002501   24.65753  -19.87013   0.00   181.5524  -76.9834    14.7345 -27.8989   2500
002503   29.58904  -19.87013   0.00   191.1484  -73.0501    19.5780 -29.7728   2502
002505   34.52055  -19.87013   0.00   197.4647  -68.8884    24.5401 -31.5904   2504
002507   39.45205  -19.87013   0.00   202.0446  -64.6143    29.6333 -33.3365   2506
002509   44.38356  -19.87013   0.00   205.6250  -60.2805    34.8686 -34.9951   2508
002511   49.31507  -19.87013   0.00   208.5906  -55.9143    40.2551 -36.5498   2510
002513   54.24658  -19.87013   0.00   211.1594  -51.5318    45.7984 -37.9836   2512
002515   59.17808  -19.87013   0.00   213.4645  -47.1434    51.5001 -39.2794   2514
002517   64.10959  -19.87013   0.00   215.5922  -42.7564    57.3567 -40.4203   2516
002519   69.04110  -19.87013   0.00   217.6017  -38.3766    63.3586 -41.3904   2518
002521   73.97260  -19.87013   0.00   219.5359  -34.0091    69.4900 -42.1750   2520
002523   78.90411  -19.87013   0.00   221.4275  -29.6584    75.7282 -42.7612   2522
002525   83.83562  -19.87013   0.00   223.3028  -25.3290    82.0448 -43.1393   2524
002527   88.76712  -19.87013   0.00   225.1838  -21.0254    88.4067 -43.3026   2526
002529   93.69863  -19.87013   0.00   227.0904  -16.7526    94.7777 -43.2481   2528
002531   98.63014  -19.87013   0.00   229.0409  -12.5160   101.1213 -42.9768   2530
002533  103.56164  -19.87013   0.00   231.0531   -8.3215   107.4026 -42.4936   2532
002535  108.49315  -19.87013   0.00   233.1450   -4.1758   113.5906 -41.8067   2534
002537  113.42466  -19.87013   0.00   235.3354   -0.0869   119.6597 -40.9277   2536
002539  118.35616  -19.87013   0.00   237.6442    3.9364   125.5905 -39.8702   2538
002541  123.28767  -19.87013   0.00   240.0928    7.8834   131.3704 -38.6498   2540
002543  128.21918  -19.87013   0.00   242.7045   11.7419   136.9930 -37.2829   2542
002545  133.15068  -19.87013   0.00   245.5050   15.4975   142.4574 -35.7865   2544
002547  138.08219  -19.87013   0.00   248.5219   19.1330   147.7674 -34.1777   2546
002549  143.01370  -19.87013   0.00   251.7849   22.6285   152.9304 -32.4733   2548
002551  147.94521  -19.87013   0.00   255.3252   25.9605   157.9565 -30.6895   2550
002553  152.87671  -19.87013   0.00   259.1740   29.1016   162.8577 -28.8419   2552
002555  157.80822  -19.87013   0.00   263.3608   32.0202   167.6470 -26.9454   2554
002557  162.73973  -19.87013   0.00   267.9096   34.6809   172.3381 -25.0141   2556
002559  167.67123  -19.87013   0.00   272.8348   37.0443   176.9448 -23.0615   2558
002561  172.60274  -19.87013   0.00   278.1355   39.0686   181.4807 -21.1006   2560
002563  177.53425  -19.87013   0.00   283.7893   40.7119   185.9591 -19.1436   2562
002565  182.46575  -19.87013   0.00   289.7478   41.9348   190.3926 -17.2024   2564
002567  187.39726  -19.87013   0.00   295.9346   42.7046   194.7930 -15.2884   2566
002569  192.32877  -19.87013   0.00   302.2495   42.9988   199.1715 -13.4128   2568
002571  197.26027  -19.87013   0.00   308.5770   42.8086   203.5381 -11.5863   2570
002573  202.19178  -19.87013   0.00   314.8006   42.1397   207.9023  -9.8194   2572
002575  207.12329  -19.87013   0.00   320.8156   41.0119   212.2721  -8.1225   2574
002577  212.05479  -19.87013   0.00   326.5400   39.4559   216.6546  -6.5055   2576
002579  216.98630  -19.87013   0.00   331.9195   37.5101   221.0559  -4.9782   2578
002581  221.91781  -19.87013   0.00   336.9262   35.2161   225.4807  -3.5502   2580
002583  226.84932  -19.87013   0.00   341.5553   32.6160   229.9324  -2.2304   2582
002585  231.78082  -19.87013   0.00   345.8182   29.7497   234.4134  -1.0276   2584
002587  236.71233  -19.87013   0.00   349.7374   26.6537   238.9244   0.0501   2586
002589  241.64384  -19.87013   0.00   353.3415   23.3604   243.4651   0.9951   2588
002591  246.57534  -19.87013   0.00   356.6615   19.8980   248.0338   1.8006   2590
002593  251.50685  -19.87013   0.00   359.7288   16.2908   252.6275   2.4608   2592
002595  256.43836  -19.87013   0.00     2.5734   12.5595   257.2423   2.9705   2594
002597  261.36986  -19.87013   0.00     5.2236    8.7218   261.8734   3.3260   2596
002599  266.30137  -19.87013   0.00     7.7052    4.7927   266.5152   3.5244   2598
002601  271.23288  -19.87013   0.00    10.0422    0.7849   271.1617   3.5642   2600
002603  276.16438  -19.87013   0.00    12.2564   -3.2907   275.8066   3.4450   2602
002605  281.09589  -19.87013   0.00    14.3679   -7.4248   280.4438   3.1678   2604
002607  286.02740  -19.87013   0.00    16.3957  -11.6094   285.0674   2.7347   2606
002609  290.95890  -19.87013   0.00    18.3579  -15.8375   289.6723   2.1492   2608
002611  295.89041  -19.87013   0.00    20.2724  -20.1030   294.2539   1.4157   2610
002613  300.82192  -19.87013   0.00    22.1574  -24.4004   298.8088   0.5396   2612
002615  305.75342  -19.87013   0.00    24.0321  -28.7246   303.3348  -0.4727   2614
002617  310.68493  -19.87013   0.00    25.9182  -33.0711   307.8308  -1.6139   2616
002619  315.61644  -19.87013   0.00    27.8407  -37.4354   312.2970  -2.8762   2618
002621  320.54795  -19.87013   0.00    29.8308  -41.8129   316.7349  -4.2512   2620
002623  325.47945  -19.87013   0.00    31.9288  -46.1988   321.1474  -5.7301   2622
002625  330.41096  -19.87013   0.00    34.1895  -50.5875   325.5386  -7.3034   2624
002627  335.34247  -19.87013   0.00    36.6924  -54.9720   329.9140  -8.9616   2626
002629  340.27397  -19.87013   0.00    39.5578  -59.3428   334.2800 -10.6948   2628
002631  345.20548  -19.87013   0.00    42.9810  -63.6854   338.6443 -12.4927   2630
002633  350.13699  -19.87013   0.00    47.2999  -67.9756   343.0157 -14.3451   2632
002635  355.06849  -19.87013   0.00    53.1504  -72.1682   347.4038 -16.2413   2634
002784    0.00000  -15.19481   0.00    75.2762  -73.1066   353.8340 -13.9145   2783
002786    4.83221  -15.19481   0.00    89.2837  -75.9238   358.2325 -15.8316   2785
002788    9.66443  -15.19481   0.00   108.3048  -77.7021     2.6710 -17.7532   2787
002790   14.49664  -15.19481   0.00   130.5334  -77.9698     7.1607 -19.6678   2789
002792   19.32886  -15.19481   0.00   150.9929  -76.6355    11.7131 -21.5634   2791
002794   24.16107  -15.19481   0.00   166.5832  -74.0985    16.3399 -23.4278   2793
002796   28.99329  -15.19481   0.00   177.6929  -70.8324    21.0524 -25.2481   2795
002798   33.82550  -15.19481   0.00   185.7085  -67.1500    25.8616 -27.0110   2797
002800   38.65772  -15.19481   0.00   191.7302  -63.2255    30.7773 -28.7027   2799
002802   43.48993  -15.19481   0.00   196.4606  -59.1543    35.8082 -30.3090   2801
002804   48.32215  -15.19481   0.00   200.3325  -54.9910    40.9609 -31.8154   2803
002806   53.15436  -15.19481   0.00   203.6174  -50.7688    46.2395 -33.2072   2805
002808   57.98658  -15.19481   0.00   206.4916  -46.5089    51.6449 -34.4695   2807
002810   62.81879  -15.19481   0.00   209.0738  -42.2259    57.1743 -35.5880   2809
002812   67.65101  -15.19481   0.00   211.4469  -37.9302    62.8204 -36.5490   2811
002814   72.48322  -15.19481   0.00   213.6716  -33.6299    68.5716 -37.3400   2813
002816   77.31544  -15.19481   0.00   215.7932  -29.3317    74.4112 -37.9501   2815
002818   82.14765  -15.19481   0.00   217.8478  -25.0412    80.3188 -38.3706   2817
002820   86.97987  -15.19481   0.00   219.8646  -20.7638    86.2700 -38.5950   2819
002822   91.81208  -15.19481   0.00   221.8688  -16.5046    92.2384 -38.6200   2821
002824   96.64430  -15.19481   0.00   223.8827  -12.2688    98.1965 -38.4452   2823
002826  101.47651  -15.19481   0.00   225.9271   -8.0619   104.1174 -38.0733   2825
002828  106.30872  -15.19481   0.00   228.0223   -3.8900   109.9761 -37.5099   2827
002830  111.14094  -15.19481   0.00   230.1885    0.2403   115.7511 -36.7631   2829
002832  115.97315  -15.19481   0.00   232.4470    4.3214   121.4247 -35.8435   2831
002834  120.80537  -15.19481   0.00   234.8203    8.3443   126.9842 -34.7631   2833
002836  125.63758  -15.19481   0.00   237.3327   12.2988   132.4210 -33.5354   2835
002838  130.46980  -15.19481   0.00   240.0112   16.1728   137.7314 -32.1747   2837
002840  135.30201  -15.19481   0.00   242.8855   19.9519   142.9153 -30.6956   2839
002842  140.13423  -15.19481   0.00   245.9885   23.6190   147.9761 -29.1128   2841
002844  144.96644  -15.19481   0.00   249.3565   27.1535   152.9198 -27.4411   2843
002846  149.79866  -15.19481   0.00   253.0282   30.5310   157.7548 -25.6947   2845
002848  154.63087  -15.19481   0.00   257.0441   33.7226   162.4905 -23.8875   2847
002850  159.46309  -15.19481   0.00   261.4440   36.6943   167.1376 -22.0329   2849
002852  164.29530  -15.19481   0.00   266.2628   39.4066   171.7076 -20.1439   2851
002854  169.12752  -15.19481   0.00   271.5246   41.8154   176.2118 -18.2329   2853
002856  173.95973  -15.19481   0.00   277.2344   43.8725   180.6620 -16.3120   2855
002858  178.79195  -15.19481   0.00   283.3695   45.5288   185.0695 -14.3927   2857
002860  183.62416  -15.19481   0.00   289.8708   46.7380   189.4454 -12.4864   2859
002862  188.45638  -15.19481   0.00   296.6405   47.4617   193.8002 -10.6042   2861
002864  193.28859  -15.19481   0.00   303.5469   47.6749   198.1439  -8.7567   2863
002866  198.12081  -15.19481   0.00   310.4398   47.3699   202.4857  -6.9545   2865
002868  202.95302  -15.19481   0.00   317.1706   46.5577   206.8341  -5.2081   2867
002870  207.78523  -15.19481   0.00   323.6129   45.2660   211.1968  -3.5276   2869
002872  212.61745  -15.19481   0.00   329.6756   43.5350   215.5804  -1.9230   2871
002874  217.44966  -15.19481   0.00   335.3067   41.4118   219.9903  -0.4043   2873
002876  222.28188  -15.19481   0.00   340.4887   38.9457   224.4312   1.0191   2875
002878  227.11409  -15.19481   0.00   345.2310   36.1842   228.9060   2.3379   2877
002880  231.94631  -15.19481   0.00   349.5599   33.1708   233.4168   3.5431   2879
002882  236.77852  -15.19481   0.00   353.5118   29.9438   237.9640   4.6263   2881
002884  241.61074  -15.19481   0.00   357.1266   26.5364   242.5469   5.5798   2883
002886  246.44295  -15.19481   0.00     0.4447   22.9767   247.1633   6.3964   2885
002888  251.27517  -15.19481   0.00     3.5046   19.2884   251.8097   7.0699   2887
002890  256.10738  -15.19481   0.00     6.3418   15.4913   256.4815   7.5949   2889
002892  260.93960  -15.19481   0.00     8.9887   11.6020   261.1730   7.9673   2891
002894  265.77181  -15.19481   0.00    11.4745    7.6345   265.8778   8.1840   2893
002896  270.60403  -15.19481   0.00    13.8256    3.6005   270.5890   8.2432   2895
002898  275.43624  -15.19481   0.00    16.0661   -0.4899   275.2992   8.1445   2897
002900  280.26846  -15.19481   0.00    18.2183   -4.6281   280.0014   7.8887   2899
002902  285.10067  -15.19481   0.00    20.3030   -8.8067   284.6886   7.4778   2901
002904  289.93289  -15.19481   0.00    22.3405  -13.0191   289.3545   6.9152   2903
002906  294.76510  -15.19481   0.00    24.3511  -17.2595   293.9938   6.2054   2905
002908  299.59732  -15.19481   0.00    26.3558  -21.5223   298.6020   5.3540   2907
002910  304.42953  -15.19481   0.00    28.3774  -25.8024   303.1762   4.3674   2909
002912  309.26174  -15.19481   0.00    30.4416  -30.0947   307.7143   3.2529   2911
002914  314.09396  -15.19481   0.00    32.5787  -34.3937   312.2160   2.0185   2913
002916  318.92617  -15.19481   0.00    34.8260  -38.6937   316.6821   0.6727   2915
002918  323.75839  -15.19481   0.00    37.2314  -42.9877   321.1149  -0.7754   2917
002920  328.59060  -15.19481   0.00    39.8585  -47.2675   325.5178  -2.3165   2919
002922  333.42282  -15.19481   0.00    42.7957  -51.5219   329.8956  -3.9410   2921
002924  338.25503  -15.19481   0.00    46.1699  -55.7355   334.2540  -5.6389   2923
002926  343.08725  -15.19481   0.00    50.1709  -59.8853   338.6001  -7.4002   2925
002928  347.91946  -15.19481   0.00    55.0929  -63.9353   342.9415  -9.2147   2927
002930  352.75168  -15.19481   0.00    61.4076  -67.8254   347.2871 -11.0719   2929
002932  357.58389  -15.19481   0.00    69.8796  -71.4496   351.6462 -12.9612   2931
003083    0.00000  -10.51948   0.00    84.3807  -69.4444   355.7756  -9.6428   3082
003085    4.73684  -10.51948   0.00    96.6529  -71.7137     0.1093 -11.5253   3084
003087    9.47368  -10.51948   0.00   111.4181  -73.0878     4.4723 -13.4076   3086
003089   14.21053  -10.51948   0.00   127.5706  -73.3425     8.8747 -15.2785   3088
003091   18.94737  -10.51948   0.00   143.1381  -72.4291    13.3264 -17.1271   3090
003093   23.68421  -10.51948   0.00   156.5377  -70.5116    17.8375 -18.9416   3092
003095   28.42105  -10.51948   0.00   167.3263  -67.8504    22.4176 -20.7103   3094
003097   33.15789  -10.51948   0.00   175.8279  -64.6807    27.0757 -22.4211   3096
003099   37.89474  -10.51948   0.00   182.5718  -61.1716    31.8198 -24.0616   3098
003101   42.63158  -10.51948   0.00   188.0278  -57.4350    36.6568 -25.6189   3100
003103   47.36842  -10.51948   0.00   192.5503  -53.5433    41.5920 -27.0804   3102
003105   52.10526  -10.51948   0.00   196.3928  -49.5442    46.6285 -28.4330   3104
003107   56.84211  -10.51948   0.00   199.7349  -45.4695    51.7669 -29.6640   3106
003109   61.57895  -10.51948   0.00   202.7056  -41.3416    57.0051 -30.7611   3108
003111   66.31579  -10.51948   0.00   205.3985  -37.1765    62.3377 -31.7124   3110
003113   71.05263  -10.51948   0.00   207.8840  -32.9864    67.7560 -32.5072   3112
003115   75.78947  -10.51948   0.00   210.2156  -28.7806    73.2478 -33.1360   3114
003117   80.52632  -10.51948   0.00   212.4359  -24.5667    78.7979 -33.5911   3116
003119   85.26316  -10.51948   0.00   214.5793  -20.3515    84.3886 -33.8665   3118
003121   90.00000  -10.51948   0.00   216.6748  -16.1406    90.0000 -33.9588   3120
003123   94.73684  -10.51948   0.00   218.7479  -11.9398    95.6114 -33.8665   3122
003125   99.47368  -10.51948   0.00   220.8214   -7.7544   101.2021 -33.5911   3124
003127  104.21053  -10.51948   0.00   222.9172   -3.5901   106.7522 -33.1360   3126
003129  108.94737  -10.51948   0.00   225.0567    0.5473   112.2440 -32.5072   3128
003131  113.68421  -10.51948   0.00   227.2614    4.6510   117.6623 -31.7124   3130
003133  118.42105  -10.51948   0.00   229.5541    8.7138   122.9949 -30.7611   3132
003135  123.15789  -10.51948   0.00   231.9594   12.7271   128.2331 -29.6640   3134
003137  127.89474  -10.51948   0.00   234.5043   16.6810   133.3715 -28.4330   3136
003139  132.63158  -10.51948   0.00   237.2188   20.5637   138.4080 -27.0804   3138
003141  137.36842  -10.51948   0.00   240.1372   24.3611   143.3431 -25.6189   3140
003143  142.10526  -10.51948   0.00   243.2977   28.0562   148.1802 -24.0616   3142
003145  146.84211  -10.51948   0.00   246.7440   31.6283   152.9243 -22.4211   3144
003147  151.57895  -10.51948   0.00   250.5241   35.0524   157.5824 -20.7103   3146
003149  156.31579  -10.51948   0.00   254.6902   38.2981   162.1624 -18.9416   3148
003151  161.05263  -10.51948   0.00   259.2960   41.3287   166.6736 -17.1271   3150
003153  165.78947  -10.51948   0.00   264.3919   44.1008   171.1253 -15.2785   3152
003155  170.52632  -10.51948   0.00   270.0170   46.5642   175.5277 -13.4075   3154
003157  175.26316  -10.51948   0.00   276.1873   48.6631   179.8907 -11.5253   3156
003159  180.00000  -10.51948   0.00   282.8815   50.3390   184.2244  -9.6428   3158
003161  184.73684  -10.51948   0.00   290.0270   51.5363   188.5387  -7.7707   3160
003163  189.47368  -10.51948   0.00   297.4945   52.2092   192.8431  -5.9196   3162
003165  194.21053  -10.51948   0.00   305.1059   52.3295   197.1467  -4.1000   3164
003167  198.94737  -10.51948   0.00   312.6591   51.8918   201.4581  -2.3221   3166
003169  203.68421  -10.51948   0.00   319.9620   50.9150   205.7853  -0.5962   3168
003171  208.42105  -10.51948   0.00   326.8622   49.4382   210.1353   1.0677   3170
003173  213.15789  -10.51948   0.00   333.2629   47.5138   214.5144   2.6596   3172
003175  217.89474  -10.51948   0.00   339.1220   45.1999   218.9280   4.1696   3174
003177  222.63158  -10.51948   0.00   344.4415   42.5539   223.3802   5.5880   3176
003179  227.36842  -10.51948   0.00   349.2521   39.6286   227.8739   6.9054   3178
003181  232.10526  -10.51948   0.00   353.6006   36.4705   232.4109   8.1128   3180
003183  236.84211  -10.51948   0.00   357.5400   33.1190   236.9914   9.2013   3182
003185  241.57895  -10.51948   0.00     1.1235   29.6071   241.6141  10.1631   3184
003187  246.31579  -10.51948   0.00     4.4011   25.9620   246.2765  10.9905   3186
003189  251.05263  -10.51948   0.00     7.4185   22.2063   250.9745  11.6771   3188
003191  255.78947  -10.51948   0.00    10.2162   18.3583   255.7027  12.2173   3190
003193  260.52632  -10.51948   0.00    12.8300   14.4334   260.4548  12.6064   3192
003195  265.26316  -10.51948   0.00    15.2918   10.4443   265.2232  12.8413   3194
003197  270.00000  -10.51948   0.00    17.6298    6.4017   270.0000  12.9198   3196
003199  274.73684  -10.51948   0.00    19.8694    2.3146   274.7768  12.8413   3198
003201  279.47368  -10.51948   0.00    22.0342   -1.8092   279.5452  12.6064   3200
003203  284.21053  -10.51948   0.00    24.1461   -5.9627   284.2972  12.2173   3202
003205  288.94737  -10.51948   0.00    26.2266  -10.1397   289.0255  11.6771   3204
003207  293.68421  -10.51948   0.00    28.2971  -14.3346   293.7235  10.9905   3206
003209  298.42105  -10.51948   0.00    30.3801  -18.5418   298.3859  10.1631   3208
003211  303.15789  -10.51948   0.00    32.4996  -22.7559   303.0086   9.2013   3210
003213  307.89474  -10.51948   0.00    34.6830  -26.9711   307.5891   8.1127   3212
003215  312.63158  -10.51948   0.00    36.9621  -31.1812   312.1261   6.9054   3214
003217  317.36842  -10.51948   0.00    39.3757  -35.3791   316.6198   5.5880   3216
003219  322.10526  -10.51948   0.00    41.9720  -39.5562   321.0720   4.1696   3218
003221  326.84211  -10.51948   0.00    44.8135  -43.7018   325.4856   2.6596   3220
003223  331.57895  -10.51948   0.00    47.9826  -47.8016   329.8647   1.0677   3222
003225  336.31579  -10.51948   0.00    51.5915  -51.8365   334.2147  -0.5962   3224
003227  341.05263  -10.51948   0.00    55.7958  -55.7791   338.5418  -2.3221   3226
003229  345.78947  -10.51948   0.00    60.8139  -59.5894   342.8533  -4.1000   3228
003231  350.52632  -10.51948   0.00    66.9537  -63.2072   347.1569  -5.9196   3230
003233  355.26316  -10.51948   0.00    74.6360  -66.5397   351.4613  -7.7707   3232
003388    0.00000   -5.84416   0.00    90.7343  -65.4482   357.6685  -5.3604   3387
003390    4.70588   -5.84416   0.00   101.4444  -67.3452     1.9858  -7.2319   3389
003392    9.41176   -5.84416   0.00   113.5522  -68.4644     6.3232  -9.0984   3391
003394   14.11765   -5.84416   0.00   126.3766  -68.6822    10.6901 -10.9493   3393
003396   18.82353   -5.84416   0.00   138.9293  -67.9719    15.0958 -12.7735   3395
003398   23.52941   -5.84416   0.00   150.3442  -66.4174    19.5492 -14.5601   3397
003400   28.23529   -5.84416   0.00   160.1915  -64.1716    24.0591 -16.2977   3399
003402   32.94118   -5.84416   0.00   168.4533  -61.3979    28.6331 -17.9748   3401
003404   37.64706   -5.84416   0.00   175.3312  -58.2358    33.2784 -19.5797   3403
003406   42.35294   -5.84416   0.00   181.0861  -54.7915    38.0006 -21.1007   3405
003408   47.05882   -5.84416   0.00   185.9600  -51.1418    42.8041 -22.5259   3407
003410   51.76471   -5.84416   0.00   190.1517  -47.3415    47.6913 -23.8436   3409
003412   56.47059   -5.84416   0.00   193.8168  -43.4298    52.6626 -25.0422   3411
003414   61.17647   -5.84416   0.00   197.0747  -39.4351    57.7160 -26.1106   3413
003416   65.88235   -5.84416   0.00   200.0176  -35.3783    62.8470 -27.0384   3415
003418   70.58824   -5.84416   0.00   202.7166  -31.2752    68.0484 -27.8161   3417
003420   75.29412   -5.84416   0.00   205.2282  -27.1383    73.3105 -28.4354   3419
003422   80.00000   -5.84416   0.00   207.5973  -22.9774    78.6210 -28.8893   3421
003424   84.70588   -5.84416   0.00   209.8613  -18.8007    83.9657 -29.1726   3423
003426   89.41176   -5.84416   0.00   212.0514  -14.6153    89.3291 -29.2821   3425
003428   94.11765   -5.84416   0.00   214.1950  -10.4274    94.6945 -29.2164   3427
003430   98.82353   -5.84416   0.00   216.3169   -6.2429   100.0455 -28.9763   3429
003432  103.52941   -5.84416   0.00   218.4401   -2.0676   105.3659 -28.5646   3431
003434  108.23529   -5.84416   0.00   220.5869    2.0928   110.6413 -27.9861   3433
003436  112.94118   -5.84416   0.00   222.7801    6.2320   115.8589 -27.2473   3435
003438  117.64706   -5.84416   0.00   225.0431   10.3434   121.0083 -26.3561   3437
003440  122.35294   -5.84416   0.00   227.4013   14.4192   126.0816 -25.3219   3439
003442  127.05882   -5.84416   0.00   229.8827   18.4509   131.0738 -24.1548   3441
003444  131.76471   -5.84416   0.00   232.5190   22.4279   135.9820 -22.8659   3443
003446  136.47059   -5.84416   0.00   235.3463   26.3380   140.8063 -21.4665   3445
003448  141.17647   -5.84416   0.00   238.4068   30.1659   145.5485 -19.9683   3447
003450  145.88235   -5.84416   0.00   241.7495   33.8931   150.2125 -18.3833   3449
003452  150.58824   -5.84416   0.00   245.4312   37.4963   154.8037 -16.7231   3451
003454  155.29412   -5.84416   0.00   249.5171   40.9470   159.3289 -14.9996   3453
003456  160.00000   -5.84416   0.00   254.0798   44.2090   163.7957 -13.2242   3455
003458  164.70588   -5.84416   0.00   259.1960   47.2381   168.2124 -11.4083   3457
003460  169.41176   -5.84416   0.00   264.9385   49.9802   172.5882  -9.5630   3459
003462  174.11765   -5.84416   0.00   271.3626   52.3716   176.9320  -7.6994   3461
003464  178.82353   -5.84416   0.00   278.4838   54.3408   181.2535  -5.8282   3463
003466  183.52941   -5.84416   0.00   286.2513   55.8142   185.5619  -3.9600   3465
003468  188.23529   -5.84416   0.00   294.5264   56.7254   189.8666  -2.1055   3467
003470  192.94118   -5.84416   0.00   303.0812   57.0275   194.1764  -0.2751   3469
003472  197.64706   -5.84416   0.00   311.6309   56.7038   198.5001   1.5208   3471
003474  202.35294   -5.84416   0.00   319.8918   55.7721   202.8457   3.2718   3473
003476  207.05882   -5.84416   0.00   327.6386   54.2803   207.2207   4.9674   3475
003478  211.76471   -5.84416   0.00   334.7360   52.2952   211.6317   6.5975   3477
003480  216.47059   -5.84416   0.00   341.1359   49.8905   216.0846   8.1516   3479
003482  221.17647   -5.84416   0.00   346.8556   47.1374   220.5841   9.6196   3481
003484  225.88235   -5.84416   0.00   351.9513   44.0994   225.1335  10.9915   3483
003486  230.58824   -5.84416   0.00   356.4961   40.8301   229.7350  12.2575   3485
003488  235.29412   -5.84416   0.00     0.5668   37.3736   234.3892  13.4082   3487
003490  240.00000   -5.84416   0.00     4.2357   33.7656   239.0951  14.4345   3489
003492  244.70588   -5.84416   0.00     7.5677   30.0346   243.8500  15.3284   3491
003494  249.41176   -5.84416   0.00    10.6193   26.2035   248.6497  16.0822   3493
003496  254.11765   -5.84416   0.00    13.4394   22.2909   253.4882  16.6894   3495
003498  258.82353   -5.84416   0.00    16.0697   18.3117   258.3583  17.1446   3497
003500  263.52941   -5.84416   0.00    18.5463   14.2784   263.2515  17.4437   3499
003502  268.23529   -5.84416   0.00    20.9007   10.2012   268.1584  17.5838   3501
003504  272.94118   -5.84416   0.00    23.1609    6.0887   273.0691  17.5638   3503
003506  277.64706   -5.84416   0.00    25.3521    1.9487   277.9735  17.3837   3505
003508  282.35294   -5.84416   0.00    27.4977   -2.2123   282.8617  17.0453   3507
003510  287.05882   -5.84416   0.00    29.6205   -6.3881   287.7247  16.5516   3509
003512  291.76471   -5.84416   0.00    31.7427  -10.5728   292.5541  15.9072   3511
003514  296.47059   -5.84416   0.00    33.8876  -14.7607   297.3431  15.1178   3513
003516  301.17647   -5.84416   0.00    36.0798  -18.9459   302.0861  14.1901   3515
003518  305.88235   -5.84416   0.00    38.3468  -23.1222   306.7792  13.1318   3517
003520  310.58824   -5.84416   0.00    40.7203  -27.2824   311.4203  11.9515   3519
003522  315.29412   -5.84416   0.00    43.2375  -31.4183   316.0087  10.6581   3521
003524  320.00000   -5.84416   0.00    45.9440  -35.5200   320.5453   9.2612   3523
003526  324.70588   -5.84416   0.00    48.8965  -39.5749   325.0328   7.7707   3525
003528  329.41176   -5.84416   0.00    52.1669  -43.5672   329.4747   6.1967   3527
003530  334.11765   -5.84416   0.00    55.8480  -47.4756   333.8762   4.5493   3529
003532  338.82353   -5.84416   0.00    60.0606  -51.2713   338.2432   2.8388   3531
003534  343.52941   -5.84416   0.00    64.9615  -54.9149   342.5826   1.0756   3533
003536  348.23529   -5.84416   0.00    70.7511  -58.3509   346.9020  -0.7299   3535
003538  352.94118   -5.84416   0.00    77.6728  -61.5014   351.2097  -2.5673   3537
003540  357.64706   -5.84416   0.00    85.9870  -64.2593   355.5145  -4.4262   3539
003695    0.00000   -1.16883   0.00    95.3689  -61.2572   359.5350  -1.0724   3694
003697    4.67532   -1.16883   0.00   104.7400  -62.8786     3.8268  -2.9309   3696
003699    9.35065   -1.16883   0.00   114.9589  -63.8231     8.1298  -4.7801   3698
003701   14.02597   -1.16883   0.00   125.5947  -64.0165    12.4528  -6.6095   3700
003703   18.70130   -1.16883   0.00   136.0879  -63.4421    16.8046  -8.4085   3702
003705   23.37662   -1.16883   0.00   145.9246  -62.1478    21.1935 -10.1665   3704
003707   28.05195   -1.16883   0.00   154.7790  -60.2278    25.6273 -11.8728   3706
003709   32.72727   -1.16883   0.00   162.5404  -57.7946    30.1130 -13.5165   3708
003711   37.40260   -1.16883   0.00   169.2548  -54.9558    34.6568 -15.0866   3710
003713   42.07792   -1.16883   0.00   175.0464  -51.8031    39.2637 -16.5724   3712
003715   46.75325   -1.16883   0.00   180.0625  -48.4090    43.9373 -17.9628   3714
003717   51.42857   -1.16883   0.00   184.4429  -44.8295    48.6799 -19.2472   3716
003719   56.10390   -1.16883   0.00   188.3092  -41.1070    53.4915 -20.4152   3718
003721   60.77922   -1.16883   0.00   191.7624  -37.2736    58.3708 -21.4569   3720
003723   65.45455   -1.16883   0.00   194.8848  -33.3538    63.3138 -22.3628   3722
003725   70.12987   -1.16883   0.00   197.7431  -29.3666    68.3147 -23.1247   3724
003727   74.80519   -1.16883   0.00   200.3918  -25.3269    73.3658 -23.7349   3726
003729   79.48052   -1.16883   0.00   202.8756  -21.2467    78.4573 -24.1876   3728
003731   84.15584   -1.16883   0.00   205.2320  -17.1358    83.5777 -24.4779   3730
003733   88.83117   -1.16883   0.00   207.4930  -13.0023    88.7147 -24.6029   3732
003735   93.50649   -1.16883   0.00   209.6867   -8.8535    93.8550 -24.5612   3734
003737   98.18182   -1.16883   0.00   211.8382   -4.6958    98.9854 -24.3533   3736
003739  102.85714   -1.16883   0.00   213.9711   -0.5350   104.0928 -23.9813   3738
003741  107.53247   -1.16883   0.00   216.1081    3.6229   109.1654 -23.4492   3740
003743  112.20779   -1.16883   0.00   218.2717    7.7722   114.1925 -22.7623   3742
003745  116.88312   -1.16883   0.00   220.4856   11.9066   119.1654 -21.9274   3744
003747  121.55844   -1.16883   0.00   222.7749   16.0196   124.0771 -20.9525   3746
003749  126.23377   -1.16883   0.00   225.1677   20.1034   128.9229 -19.8464   3748
003751  130.90909   -1.16883   0.00   227.6956   24.1493   133.7001 -18.6189   3750
003753  135.58442   -1.16883   0.00   230.3955   28.1468   138.4080 -17.2802   3752
003755  140.25974   -1.16883   0.00   233.3113   32.0830   143.0479 -15.8407   3754
003757  144.93506   -1.16883   0.00   236.4951   35.9419   147.6227 -14.3114   3756
003759  149.61039   -1.16883   0.00   240.0100   39.7035   152.1368 -12.7031   3758
003761  154.28571   -1.16883   0.00   243.9319   43.3420   156.5957 -11.0268   3760
003763  158.96104   -1.16883   0.00   248.3513   46.8243   161.0061  -9.2933   3762
003765  163.63636   -1.16883   0.00   253.3731   50.1078   165.3754  -7.5134   3764
003767  168.31169   -1.16883   0.00   259.1120   53.1374   169.7118  -5.6979   3766
003769  172.98701   -1.16883   0.00   265.6795   55.8443   174.0237  -3.8573   3768
003771  177.66234   -1.16883   0.00   273.1574   58.1448   178.3199  -2.0021   3770
003773  182.33766   -1.16883   0.00   281.5532   59.9444   182.6095  -0.1429   3772
003775  187.01299   -1.16883   0.00   290.7478   61.1485   186.9015   1.7100   3774
003777  191.68831   -1.16883   0.00   300.4630   61.6805   191.2049   3.5462   3776
003779  196.36364   -1.16883   0.00   310.2904   61.5025   195.5282   5.3551   3778
003781  201.03896   -1.16883   0.00   319.7904   60.6275   199.8800   7.1264   3780
003783  205.71429   -1.16883   0.00   328.6110   59.1151   204.2679   8.8494   3782
003785  210.38961   -1.16883   0.00   336.5545   57.0534   208.6993  10.5136   3784
003787  215.06494   -1.16883   0.00   343.5713   54.5388   213.1804  12.1084   3786
003789  219.74026   -1.16883   0.00   349.7125   51.6613   217.7167  13.6231   3788
003791  224.41558   -1.16883   0.00   355.0789   48.4973   222.3121  15.0472   3790
003793  229.09091   -1.16883   0.00   359.7862   45.1086   226.9695  16.3702   3792
003795  233.76623   -1.16883   0.00     3.9452   41.5437   231.6899  17.5820   3794
003797  238.44156   -1.16883   0.00     7.6536   37.8401   236.4728  18.6728   3796
003799  243.11688   -1.16883   0.00    10.9947   34.0271   241.3157  19.6334   3798
003801  247.79221   -1.16883   0.00    14.0375   30.1274   246.2141  20.4554   3800
003803  252.46753   -1.16883   0.00    16.8397   26.1588   251.1619  21.1312   3802
003805  257.14286   -1.16883   0.00    19.4488   22.1358   256.1508  21.6544   3804
003807  261.81818   -1.16883   0.00    21.9050   18.0697   261.1713  22.0200   3806
003809  266.49351   -1.16883   0.00    24.2424   13.9704   266.2125  22.2244   3808
003811  271.16883   -1.16883   0.00    26.4908    9.8458   271.2628  22.2653   3810
003813  275.84416   -1.16883   0.00    28.6766    5.7032   276.3100  22.1425   3812
003815  280.51948   -1.16883   0.00    30.8240    1.5488   281.3423  21.8572   3814
003817  285.19481   -1.16883   0.00    32.9561   -2.6112   286.3483  21.4122   3816
003819  289.87013   -1.16883   0.00    35.0955   -6.7712   291.3177  20.8120   3818
003821  294.54545   -1.16883   0.00    37.2650  -10.9253   296.2417  20.0622   3820
003823  299.22078   -1.16883   0.00    39.4890  -15.0673   301.1130  19.1699   3822
003825  303.89610   -1.16883   0.00    41.7939  -19.1904   305.9263  18.1431   3824
003827  308.57143   -1.16883   0.00    44.2095  -23.2872   310.6782  16.9906   3826
003829  313.24675   -1.16883   0.00    46.7705  -27.3485   315.3671  15.7219   3828
003831  317.92208   -1.16883   0.00    49.5177  -31.3636   319.9932  14.3471   3830
003833  322.59740   -1.16883   0.00    52.5003  -35.3193   324.5586  12.8764   3832
003835  327.27273   -1.16883   0.00    55.7785  -39.1986   329.0667  11.3203   3834
003837  331.94805   -1.16883   0.00    59.4265  -42.9802   333.5222   9.6895   3836
003839  336.62338   -1.16883   0.00    63.5354  -46.6360   337.9310   7.9946   3838
003841  341.29870   -1.16883   0.00    68.2165  -50.1290   342.2999   6.2461   3840
003843  345.97403   -1.16883   0.00    73.6012  -53.4106   346.6365   4.4547   3842
003845  350.64935   -1.16883   0.00    79.8354  -56.4169   350.9487   2.6308   3844
003847  355.32468   -1.16883   0.00    87.0599  -59.0659   355.2453   0.7850   3846
004003    0.00000    3.50649   0.00    98.8979  -56.9456     1.3963   3.2168   4002
004005    4.67532    3.50649   0.00   107.2151  -58.3628     5.6816   1.3611   4004
004007    9.35065    3.50649   0.00   116.0844  -59.1785     9.9695  -0.4809   4006
004009   14.02597    3.50649   0.00   125.2159  -59.3446    14.2689  -2.2988   4008
004011   18.70130    3.50649   0.00   134.2584  -58.8504    18.5881  -4.0822   4010
004013   23.37662    3.50649   0.00   142.8820  -57.7266    22.9351  -5.8208   4012
004015   28.05195    3.50649   0.00   150.8495  -56.0358    27.3173  -7.5042   4014
004017   32.72727    3.50649   0.00   158.0420  -53.8582    31.7411  -9.1220   4016
004019   37.40260    3.50649   0.00   164.4428  -51.2764    36.2122 -10.6639   4018
004021   42.07792    3.50649   0.00   170.1017  -48.3663    40.7352 -12.1196   4020
004023   46.75325    3.50649   0.00   175.1015  -45.1929    45.3134 -13.4789   4022
004025   51.42857    3.50649   0.00   179.5348  -41.8092    49.9485 -14.7320   4024
004027   56.10390    3.50649   0.00   183.4907  -38.2576    54.6409 -15.8692   4026
004029   60.77922    3.50649   0.00   187.0490  -34.5718    59.3891 -16.8815   4028
004031   65.45455    3.50649   0.00   190.2791  -30.7783    64.1900 -17.7605   4030
004033   70.12987    3.50649   0.00   193.2398  -26.8981    69.0387 -18.4985   4032
004035   74.80519    3.50649   0.00   195.9806  -22.9480    73.9287 -19.0891   4034
004037   79.48052    3.50649   0.00   198.5438  -18.9418    78.8518 -19.5266   4036
004039   84.15584    3.50649   0.00   200.9652  -14.8905    83.7986 -19.8071   4038
004041   88.83117    3.50649   0.00   203.2760  -10.8035    88.7590 -19.9277   4040
004043   93.50649    3.50649   0.00   205.5040   -6.6889    93.7222 -19.8875   4042
004045   98.18182    3.50649   0.00   207.6740   -2.5536    98.6772 -19.6867   4044
004047  102.85714    3.50649   0.00   209.8093    1.5960   103.6134 -19.3272   4046
004049  107.53247    3.50649   0.00   211.9325    5.7541   108.5210 -18.8126   4048
004051  112.20779    3.50649   0.00   214.0660    9.9148   113.3912 -18.1476   4050
004053  116.88312    3.50649   0.00   216.2330   14.0725   118.2168 -17.3381   4052
004055  121.55844    3.50649   0.00   218.4586   18.2209   122.9918 -16.3915   4054
004057  126.23377    3.50649   0.00   220.7704   22.3534   127.7124 -15.3156   4056
004059  130.90909    3.50649   0.00   223.2005   26.4623   132.3763 -14.1193   4058
004061  135.58442    3.50649   0.00   225.7863   30.5388   136.9827 -12.8119   4060
004063  140.25974    3.50649   0.00   228.5731   34.5717   141.5330 -11.4031   4062
004065  144.93506    3.50649   0.00   231.6169   38.5474   146.0296  -9.9031   4064
004067  149.61039    3.50649   0.00   234.9871   42.4484   150.4764  -8.3219   4066
004069  154.28571    3.50649   0.00   238.7716   46.2517   154.8786  -6.6700   4068
004071  158.96104    3.50649   0.00   243.0814   49.9266   159.2423  -4.9577   4070
004073  163.63636    3.50649   0.00   248.0549   53.4319   163.5745  -3.1954   4072
004075  168.31169    3.50649   0.00   253.8602   56.7117   167.8827  -1.3935   4074
004077  172.98701    3.50649   0.00   260.6868   59.6906   172.1753   0.4377   4076
004079  177.66234    3.50649   0.00   268.7163   62.2694   176.4608   2.2879   4078
004081  182.33766    3.50649   0.00   278.0531   64.3260   180.7482   4.1466   4080
004083  187.01299    3.50649   0.00   288.6130   65.7260   185.0464   6.0036   4082
004085  191.68831    3.50649   0.00   300.0166   66.3517   189.3647   7.8482   4084
004087  196.36364    3.50649   0.00   311.6069   66.1419   193.7119   9.6699   4086
004089  201.03896    3.50649   0.00   322.6570   65.1177   198.0968  11.4581   4088
004091  205.71429    3.50649   0.00   332.6339   63.3734   202.5278  13.2018   4090
004093  210.38961    3.50649   0.00   341.3141   61.0397   207.0126  14.8900   4092
004095  215.06494    3.50649   0.00   348.7233   58.2474   211.5582  16.5117   4094
004097  219.74026    3.50649   0.00   355.0160   55.1075   216.1705  18.0557   4096
004099  224.41558    3.50649   0.00     0.3836   51.7071   220.8542  19.5106   4098
004101  229.09091    3.50649   0.00     5.0066   48.1111   225.6124  20.8653   4100
004103  233.76623    3.50649   0.00     9.0388   44.3678   230.4466  22.1088   4102
004105  238.44156    3.50649   0.00    12.6043   40.5125   235.3559  23.2303   4104
004107  243.11688    3.50649   0.00    15.8019   36.5717   240.3377  24.2199   4106
004109  247.79221    3.50649   0.00    18.7097   32.5655   245.3868  25.0681   4108
004111  252.46753    3.50649   0.00    21.3900   28.5093   250.4956  25.7664   4110
004113  257.14286    3.50649   0.00    23.8929   24.4154   255.6546  26.3078   4112
004115  261.81818    3.50649   0.00    26.2597   20.2937   260.8521  26.6863   4114
004117  266.49351    3.50649   0.00    28.5248   16.1524   266.0749  26.8980   4116
004119  271.16883    3.50649   0.00    30.7179   11.9986   271.3087  26.9405   4118
004121  275.84416    3.50649   0.00    32.8652    7.8386   276.5388  26.8132   4120
004123  280.51948    3.50649   0.00    34.9907    3.6785   281.7507  26.5177   4122
004125  285.19481    3.50649   0.00    37.1172   -0.4760   286.9304  26.0571   4124
004127  289.87013    3.50649   0.00    39.2669   -4.6193   292.0657  25.4365   4126
004129  294.54545    3.50649   0.00    41.4628   -8.7451   297.1457  24.6622   4128
004131  299.22078    3.50649   0.00    43.7289  -12.8468   302.1619  23.7422   4130
004133  303.89610    3.50649   0.00    46.0913  -16.9171   307.1080  22.6854   4132
004135  308.57143    3.50649   0.00    48.5792  -20.9472   311.9800  21.5016   4134
004137  313.24675    3.50649   0.00    51.2262  -24.9269   316.7761  20.2011   4136
004139  317.92208    3.50649   0.00    54.0710  -28.8440   321.4968  18.7949   4138
004141  322.59740    3.50649   0.00    57.1594  -32.6833   326.1443  17.2941   4140
004143  327.27273    3.50649   0.00    60.5453  -36.4260   330.7226  15.7099   4142
004145  331.94805    3.50649   0.00    64.2927  -40.0485   335.2369  14.0535   4144
004147  336.62338    3.50649   0.00    68.4761  -43.5211   339.6939  12.3361   4146
004149  341.29870    3.50649   0.00    73.1806  -46.8058   344.1009  10.5688   4148
004151  345.97403    3.50649   0.00    78.4980  -49.8551   348.4659   8.7626   4150
004153  350.64935    3.50649   0.00    84.5181  -52.6102   352.7975   6.9281   4152
004155  355.32468    3.50649   0.00    91.3110  -55.0004   357.1046   5.0760   4154
004310    0.00000    8.18182   0.00   101.6885  -52.5554     3.2733   7.5026   4309
004312    4.70588    8.18182   0.00   109.1759  -53.8166     7.5708   5.6395   4311
004314    9.41176    8.18182   0.00   117.0438  -54.5322    11.8627   3.7949   4313
004316   14.11765    8.18182   0.00   125.0857  -54.6689    16.1578   1.9791   4315
004318   18.82353    8.18182   0.00   133.0632  -54.2200    20.4646   0.2024   4317
004320   23.52941    8.18182   0.00   140.7498  -53.2070    24.7908  -1.5250   4319
004322   28.23529    8.18182   0.00   147.9702  -51.6749    29.1437  -3.1930   4321
004324   32.94118    8.18182   0.00   154.6192  -49.6832    33.5296  -4.7915   4323
004326   37.64706    8.18182   0.00   160.6584  -47.2966    37.9538  -6.3105   4325
004328   42.35294    8.18182   0.00   166.1002  -44.5779    42.4206  -7.7402   4327
004330   47.05882    8.18182   0.00   170.9879  -41.5836    46.9330  -9.0710   4329
004332   51.76471    8.18182   0.00   175.3806  -38.3624    51.4927 -10.2936   4331
004334   56.47059    8.18182   0.00   179.3414  -34.9550    56.1000 -11.3991   4333
004336   61.17647    8.18182   0.00   182.9314  -31.3948    60.7537 -12.3790   4335
004338   65.88235    8.18182   0.00   186.2067  -27.7091    65.4509 -13.2257   4337
004340   70.58824    8.18182   0.00   189.2170  -23.9199    70.1875 -13.9323   4339
004342   75.29412    8.18182   0.00   192.0061  -20.0455    74.9577 -14.4928   4341
004344   80.00000    8.18182   0.00   194.6121  -16.1005    79.7547 -14.9025   4343
004346   84.70588    8.18182   0.00   197.0681  -12.0974    84.5705 -15.1577   4345
004348   89.41176    8.18182   0.00   199.4037   -8.0463    89.3965 -15.2562   4347
004350   94.11765    8.18182   0.00   201.6451   -3.9561    94.2236 -15.1971   4349
004352   98.82353    8.18182   0.00   203.8164    0.1657    99.0428 -14.9809   4351
004354  103.52941    8.18182   0.00   205.9402    4.3123   103.8453 -14.6096   4353
004356  108.23529    8.18182   0.00   208.0383    8.4778   108.6229 -14.0863   4355
004358  112.94118    8.18182   0.00   210.1327   12.6563   113.3684 -13.4157   4357
004360  117.64706    8.18182   0.00   212.2459   16.8423   118.0759 -12.6034   4359
004362  122.35294    8.18182   0.00   214.4025   21.0301   122.7408 -11.6561   4361
004364  127.05882    8.18182   0.00   216.6299   25.2138   127.3599 -10.5813   4363
004366  131.76471    8.18182   0.00   218.9600   29.3867   131.9315  -9.3872   4365
004368  136.47059    8.18182   0.00   221.4309   33.5411   136.4557  -8.0826   4367
004370  141.17647    8.18182   0.00   224.0898   37.6676   140.9336  -6.6767   4369
004372  145.88235    8.18182   0.00   226.9963   41.7547   145.3681  -5.1790   4371
004374  150.58824    8.18182   0.00   230.2279   45.7871   149.7631  -3.5995   4373
004376  155.29412    8.18182   0.00   233.8868   49.7444   154.1237  -1.9479   4375
004378  160.00000    8.18182   0.00   238.1101   53.5984   158.4560  -0.2344   4377
004380  164.70588    8.18182   0.00   243.0827   57.3091   162.7669   1.5309   4379
004382  169.41176    8.18182   0.00   249.0514   60.8184   167.0641   3.3379   4381
004384  174.11765    8.18182   0.00   256.3321   64.0416   171.3560   5.1762   4383
004386  178.82353    8.18182   0.00   265.2858   66.8562   175.6513   7.0357   4385
004388  183.52941    8.18182   0.00   276.2067   69.0942   179.9592   8.9058   4387
004390  188.23529    8.18182   0.00   289.0634   70.5539   184.2892  10.7759   4389
004392  192.94118    8.18182   0.00   303.1810   71.0534   188.6508  12.6355   4391
004394  197.64706    8.18182   0.00   317.2740   70.5185   193.0537  14.4734   4393
004396  202.35294    8.18182   0.00   330.0704   69.0284   197.5073  16.2787   4395
004398  207.05882    8.18182   0.00   340.9207   66.7670   202.0207  18.0400   4397
004400  211.76471    8.18182   0.00   349.8104   63.9357   206.6023  19.7455   4399
004402  216.47059    8.18182   0.00   357.0397   60.7007   211.2600  21.3834   4401
004404  221.17647    8.18182   0.00     2.9688   57.1832   216.0001  22.9417   4403
004406  225.88235    8.18182   0.00     7.9117   53.4667   220.8280  24.4081   4405
004408  230.58824    8.18182   0.00    12.1126   49.6085   225.7467  25.7705   4407
004410  235.29412    8.18182   0.00    15.7546   45.6482   230.7577  27.0167   4409
004412  240.00000    8.18182   0.00    18.9734   41.6136   235.8594  28.1350   4411
004414  244.70588    8.18182   0.00    21.8701   37.5249   241.0479  29.1142   4413
004416  249.41176    8.18182   0.00    24.5215   33.3972   246.3161  29.9440   4415
004418  254.11765    8.18182   0.00    26.9868   29.2421   251.6542  30.6152   4417
004420  258.82353    8.18182   0.00    29.3128   25.0687   257.0494  31.1200   4419
004422  263.52941    8.18182   0.00    31.5372   20.8848   262.4866  31.4525   4421
004424  268.23529    8.18182   0.00    33.6919   16.6969   267.9489  31.6085   4423
004426  272.94118    8.18182   0.00    35.8041   12.5110   273.4181  31.5862   4425
004428  277.64706    8.18182   0.00    37.8982    8.3329   278.8757  31.3858   4427
004430  282.35294    8.18182   0.00    39.9968    4.1680   284.3040  31.0098   4429
004432  287.05882    8.18182   0.00    42.1219    0.0221   289.6862  30.4627   4431
004434  291.76471    8.18182   0.00    44.2953   -4.0987   295.0079  29.7510   4433
004436  296.47059    8.18182   0.00    46.5395   -8.1877   300.2570  28.8830   4435
004438  301.17647    8.18182   0.00    48.8788  -12.2372   305.4244  27.8680   4437
004440  305.88235    8.18182   0.00    51.3396  -16.2385   310.5037  26.7166   4439
004442  310.58824    8.18182   0.00    53.9513  -20.1813   315.4916  25.4403   4441
004444  315.29412    8.18182   0.00    56.7474  -24.0530   320.3874  24.0508   4443
004446  320.00000    8.18182   0.00    59.7662  -27.8389   325.1930  22.5603   4445
004448  324.70588    8.18182   0.00    63.0515  -31.5207   329.9119  20.9809   4447
004450  329.41176    8.18182   0.00    66.6534  -35.0761   334.5499  19.3250   4449
004452  334.11765    8.18182   0.00    70.6281  -38.4776   339.1137  17.6044   4451
004454  338.82353    8.18182   0.00    75.0369  -41.6916   343.6113  15.8311   4453
004456  343.52941    8.18182   0.00    79.9430  -44.6772   348.0514  14.0166   4455
004458  348.23529    8.18182   0.00    85.4049  -47.3854   352.4431  12.1721   4457
004460  352.94118    8.18182   0.00    91.4653  -49.7594   356.7959  10.3089   4459
004462  357.64706    8.18182   0.00    98.1352  -51.7362     1.1195   8.4378   4461
004615    0.00000   12.85714   0.00   103.9678  -48.1115     5.1877  11.7803   4614
004617    4.80000   12.85714   0.00   110.8433  -49.2564     9.5451   9.8872   4616
004619    9.60000   12.85714   0.00   117.9961  -49.8896    13.8884   8.0181   4618
004621   14.40000   12.85714   0.00   125.2682  -49.9867    18.2269   6.1837   4620
004623   19.20000   12.85714   0.00   132.4833  -49.5437    22.5697   4.3945   4622
004625   24.00000   12.85714   0.00   139.4741  -48.5781    26.9247   2.6609   4624
004627   28.80000   12.85714   0.00   146.1060  -47.1253    31.2994   0.9932   4626
004629   33.60000   12.85714   0.00   152.2900  -45.2331    35.7001  -0.5987   4628
004631   38.40000   12.85714   0.00   157.9838  -42.9547    40.1321  -2.1046   4630
004633   43.20000   12.85714   0.00   163.1832  -40.3436    44.5996  -3.5151   4632
004635   48.00000   12.85714   0.00   167.9106  -37.4500    49.1054  -4.8206   4634
004637   52.80000   12.85714   0.00   172.2041  -34.3183    53.6511  -6.0121   4636
004639   57.60000   12.85714   0.00   176.1091  -30.9871    58.2369  -7.0811   4638
004641   62.40000   12.85714   0.00   179.6724  -27.4889    62.8616  -8.0197   4640
004643   67.20000   12.85714   0.00   182.9392  -23.8510    67.5224  -8.8207   4642
004645   72.00000   12.85714   0.00   185.9514  -20.0960    72.2154  -9.4777   4644
004647   76.80000   12.85714   0.00   188.7468  -16.2427    76.9354  -9.9855   4646
004649   81.60000   12.85714   0.00   191.3592  -12.3068    81.6760 -10.3397   4648
004651   86.40000   12.85714   0.00   193.8191   -8.3013    86.4301 -10.5375   4650
004653   91.20000   12.85714   0.00   196.1535   -4.2372    91.1901 -10.5772   4652
004655   96.00000   12.85714   0.00   198.3871   -0.1240    95.9482 -10.4583   4654
004657  100.80000   12.85714   0.00   200.5429    4.0303   100.6965 -10.1820   4656
004659  105.60000   12.85714   0.00   202.6425    8.2187   105.4276  -9.7506   4658
004661  110.40000   12.85714   0.00   204.7070   12.4348   110.1348  -9.1676   4660
004663  115.20000   12.85714   0.00   206.7577   16.6728   114.8123  -8.4378   4662
004665  120.00000   12.85714   0.00   208.8169   20.9273   119.4554  -7.5672   4664
004667  124.80000   12.85714   0.00   210.9093   25.1929   124.0609  -6.5624   4666
004669  129.60000   12.85714   0.00   213.0626   29.4640   128.6268  -5.4311   4668
004671  134.40000   12.85714   0.00   215.3098   33.7347   133.1524  -4.1815   4670
004673  139.20000   12.85714   0.00   217.6919   37.9981   137.6388  -2.8224   4672
004675  144.00000   12.85714   0.00   220.2609   42.2460   142.0881  -1.3630   4674
004677  148.80000   12.85714   0.00   223.0857   46.4682   146.5038   0.1871   4676
004679  153.60000   12.85714   0.00   226.2605   50.6508   150.8908   1.8182   4678
004681  158.40000   12.85714   0.00   229.9178   54.7743   155.2548   3.5201   4680
004683  163.20000   12.85714   0.00   234.2496   58.8105   159.6028   5.2828   4682
004685  168.00000   12.85714   0.00   239.5408   62.7157   163.9423   7.0959   4684
004687  172.80000   12.85714   0.00   246.2182   66.4203   168.2821   8.9489   4686
004689  177.60000   12.85714   0.00   254.9073   69.8093   172.6312  10.8314   4688
004691  182.40000   12.85714   0.00   266.4247   72.6926   176.9995  12.7324   4690
004693  187.20000   12.85714   0.00   281.4534   74.7769   181.3974  14.6411   4692
004695  192.00000   12.85714   0.00   299.5362   75.7062   185.8353  16.5462   4694
004697  196.80000   12.85714   0.00   318.1989   75.2597   190.3242  18.4361   4696
004699  201.60000   12.85714   0.00   334.4754   73.5493   194.8749  20.2990   4698
004701  206.40000   12.85714   0.00   347.2020   70.9129   199.4981  22.1226   4700
004703  211.20000   12.85714   0.00   356.8045   67.6782   204.2042  23.8944   4702
004705  216.00000   12.85714   0.00     4.1189   64.0702   209.0025  25.6012   4704
004707  220.80000   12.85714   0.00     9.8482   60.2270   213.9017  27.2296   4706
004709  225.60000   12.85714   0.00    14.4847   56.2316   218.9084  28.7660   4708
004711  230.40000   12.85714   0.00    18.3575   52.1355   224.0274  30.1965   4710
004713  235.20000   12.85714   0.00    21.6873   47.9715   229.2609  31.5071   4712
004715  240.00000   12.85714   0.00    24.6250   43.7617   234.6079  32.6841   4714
004717  244.80000   12.85714   0.00    27.2766   39.5216   240.0638  33.7145   4716
004719  249.60000   12.85714   0.00    29.7188   35.2627   245.6204  34.5859   4718
004721  254.40000   12.85714   0.00    32.0092   30.9938   251.2650  35.2873   4720
004723  259.20000   12.85714   0.00    34.1920   26.7221   256.9815  35.8096   4722
004725  264.00000   12.85714   0.00    36.3028   22.4539   262.7500  36.1455   4724
004727  268.80000   12.85714   0.00    38.3709   18.1948   268.5485  36.2904   4726
004729  273.60000   12.85714   0.00    40.4220   13.9503   274.3530  36.2420   4728
004731  278.40000   12.85714   0.00    42.4791    9.7257   280.1394  36.0012   4730
004733  283.20000   12.85714   0.00    44.5636    5.5267   285.8846  35.5714   4732
004735  288.00000   12.85714   0.00    46.6969    1.3594   291.5674  34.9585   4734
004737  292.80000   12.85714   0.00    48.9001   -2.7694   297.1698  34.1707   4736
004739  297.60000   12.85714   0.00    51.1957   -6.8521   302.6773  33.2184   4738
004741  302.40000   12.85714   0.00    53.6076  -10.8797   308.0796  32.1131   4740
004743  307.20000   12.85714   0.00    56.1621  -14.8420   313.3702  30.8676   4742
004745  312.00000   12.85714   0.00    58.8883  -18.7265   318.5464  29.4954   4744
004747  316.80000   12.85714   0.00    61.8187  -22.5187   323.6088  28.0102   4746
004749  321.60000   12.85714   0.00    64.9898  -26.2009   328.5609  26.4261   4748
004751  326.40000   12.85714   0.00    68.4418  -29.7520   333.4087  24.7567   4750
004753  331.20000   12.85714   0.00    72.2191  -33.1464   338.1598  23.0158   4752
004755  336.00000   12.85714   0.00    76.3680  -36.3537   342.8232  21.2165   4754
004757  340.80000   12.85714   0.00    80.9351  -39.3374   347.4089  19.3717   4756
004759  345.60000   12.85714   0.00    85.9619  -42.0551   351.9273  17.4938   4758
004761  350.40000   12.85714   0.00    91.4775  -44.4587   356.3894  15.5948   4760
004763  355.20000   12.85714   0.00    97.4887  -46.4955     0.8059  13.6865   4762
004914    0.00000   17.53247   0.00   105.8823  -43.6298     7.1626  16.0447   4913
004916    4.89796   17.53247   0.00   112.2280  -44.6764    11.5714  14.1229   4915
004918    9.79592   17.53247   0.00   118.7815  -45.2405    15.9571  12.2310   4917
004920   14.69388   17.53247   0.00   125.4192  -45.3038    20.3300  10.3801   4919
004922   19.59184   17.53247   0.00   132.0063  -44.8643    24.6997   8.5807   4921
004924   24.48980   17.53247   0.00   138.4146  -43.9363    29.0746   6.8434   4923
004926   29.38776   17.53247   0.00   144.5381  -42.5486    33.4624   5.1785   4925
004928   34.28571   17.53247   0.00   150.3022  -40.7402    37.8695   3.5960   4927
004930   39.18367   17.53247   0.00   155.6651  -38.5558    42.3012   2.1057   4929
004932   44.08163   17.53247   0.00   160.6141  -36.0412    46.7618   0.7172   4931
004934   48.97959   17.53247   0.00   165.1584  -33.2407    51.2540  -0.5606   4933
004936   53.87755   17.53247   0.00   169.3216  -30.1948    55.7794  -1.7188   4935
004938   58.77551   17.53247   0.00   173.1358  -26.9395    60.3381  -2.7493   4937
004940   63.67347   17.53247   0.00   176.6363  -23.5060    64.9289  -3.6448   4939
004942   68.57143   17.53247   0.00   179.8590  -19.9210    69.5495  -4.3984   4941
004944   73.46939   17.53247   0.00   182.8384  -16.2072    74.1959  -5.0045   4943
004946   78.36735   17.53247   0.00   185.6067  -12.3837    78.8636  -5.4582   4945
004948   83.26531   17.53247   0.00   188.1933   -8.4667    83.5468  -5.7561   4947
004950   88.16327   17.53247   0.00   190.6251   -4.4698    88.2393  -5.8956   4949
004952   93.06122   17.53247   0.00   192.9265   -0.4044    92.9343  -5.8756   4951
004954   97.95918   17.53247   0.00   195.1201    3.7194    97.6251  -5.6964   4953
004956  102.85714   17.53247   0.00   197.2267    7.8933   102.3050  -5.3593   4955
004958  107.75510   17.53247   0.00   199.2662   12.1099   106.9679  -4.8671   4957
004960  112.65306   17.53247   0.00   201.2580   16.3627   111.6083  -4.2236   4959
004962  117.55102   17.53247   0.00   203.2217   20.6460   116.2217  -3.4340   4961
004964  122.44898   17.53247   0.00   205.1778   24.9544   120.8047  -2.5041   4963
004966  127.34694   17.53247   0.00   207.1491   29.2829   125.3551  -1.4409   4965
004968  132.24490   17.53247   0.00   209.1614   33.6266   129.8721  -0.2520   4967
004970  137.14286   17.53247   0.00   211.2462   37.9805   134.3562   1.0543   4969
004972  142.04082   17.53247   0.00   213.4429   42.3391   138.8093   2.4691   4971
004974  146.93878   17.53247   0.00   215.8039   46.6961   143.2344   3.9834   4973
004976  151.83673   17.53247   0.00   218.4016   51.0434   147.6361   5.5874   4975
004978  156.73469   17.53247   0.00   221.3405   55.3705   152.0200   7.2714   4977
004980  161.63265   17.53247   0.00   224.7795   59.6617   156.3929   9.0251   4979
004982  166.53061   17.53247   0.00   228.9721   63.8928   160.7625  10.8384   4981
004984  171.42857   17.53247   0.00   234.3454   68.0227   165.1377  12.7006   4983
004986  176.32653   17.53247   0.00   241.6581   71.9751   169.5282  14.6010   4985
004988  181.22449   17.53247   0.00   252.2961   75.5971   173.9445  16.5286   4987
004990  186.12245   17.53247   0.00   268.5845   78.5645   178.3977  18.4720   4989
004992  191.02041   17.53247   0.00   292.5159   80.2551   182.8997  20.4197   4991
004994  195.91837   17.53247   0.00   319.9662   79.9972   187.4628  22.3595   4993
004996  200.81633   17.53247   0.00   342.0167   77.9150   192.0997  24.2790   4995
004998  205.71429   17.53247   0.00   356.6386   74.7394   196.8231  26.1651   4997
005000  210.61224   17.53247   0.00     6.2695   71.0138   201.6454  28.0042   4999
005002  215.51020   17.53247   0.00    13.0006   67.0069   206.5788  29.7821   5001
005004  220.40816   17.53247   0.00    18.0256   62.8465   211.6342  31.4840   5003
005006  225.30612   17.53247   0.00    21.9992   58.5974   216.8208  33.0945   5005
005008  230.20408   17.53247   0.00    25.2946   54.2955   222.1457  34.5980   5007
005010  235.10204   17.53247   0.00    28.1363   49.9622   227.6127  35.9783   5009
005012  240.00000   17.53247   0.00    30.6668   45.6116   233.2219  37.2195   5011
005014  244.89796   17.53247   0.00    32.9811   41.2535   238.9685  38.3062   5013
005016  249.79592   17.53247   0.00    35.1456   36.8955   244.8427  39.2236   5015
005018  254.69388   17.53247   0.00    37.2090   32.5437   250.8290  39.9585   5017
005020  259.59184   17.53247   0.00    39.2084   28.2033   256.9062  40.4998   5019
005022  264.48980   17.53247   0.00    41.1736   23.8793   263.0487  40.8389   5021
005024  269.38776   17.53247   0.00    43.1297   19.5767   269.2268  40.9701   5023
005026  274.28571   17.53247   0.00    45.0985   15.3005   275.4089  40.8913   5025
005028  279.18367   17.53247   0.00    47.1003   11.0561   281.5632  40.6038   5027
005030  284.08163   17.53247   0.00    49.1547    6.8496   287.6593  40.1124   5029
005032  288.97959   17.53247   0.00    51.2811    2.6874   293.6705  39.4249   5031
005034  293.87755   17.53247   0.00    53.4995   -1.4227   299.5743  38.5519   5033
005036  298.77551   17.53247   0.00    55.8313   -5.4720   305.3540  37.5063   5035
005038  303.67347   17.53247   0.00    58.2993   -9.4502   310.9982  36.3022   5037
005040  308.57143   17.53247   0.00    60.9285  -13.3453   316.5010  34.9552   5039
005042  313.46939   17.53247   0.00    63.7465  -17.1430   321.8611  33.4810   5041
005044  318.36735   17.53247   0.00    66.7834  -20.8267   327.0818  31.8958   5043
005046  323.26531   17.53247   0.00    70.0720  -24.3762   332.1691  30.2153   5045
005048  328.16327   17.53247   0.00    73.6472  -27.7680   337.1321  28.4550   5047
005050  333.06122   17.53247   0.00    77.5451  -30.9743   341.9811  26.6298   5049
005052  337.95918   17.53247   0.00    81.8005  -33.9626   346.7281  24.7542   5051
005054  342.85714   17.53247   0.00    86.4438  -36.6959   351.3854  22.8418   5053
005056  347.75510   17.53247   0.00    91.4957  -39.1325   355.9657  20.9059   5055
005058  352.65306   17.53247   0.00    96.9607  -41.2275     0.4819  18.9590   5057
005060  357.55102   17.53247   0.00   102.8195  -42.9352     4.9461  17.0134   5059
005207    0.00000   22.20779   0.00   107.5298  -39.1206     9.2239  20.2903   5206
005209    5.03497   22.20779   0.00   113.4495  -40.0870    13.7044  18.3280   5208
005211   10.06993   22.20779   0.00   119.5303  -40.5902    18.1525  16.4026   5210
005213   15.10490   22.20779   0.00   125.6709  -40.6162    22.5797  14.5255   5212
005215   20.13986   22.20779   0.00   131.7632  -40.1641    26.9963  12.7077   5214
005217   25.17483   22.20779   0.00   137.7048  -39.2467    31.4115  10.9599   5216
005219   30.20979   22.20779   0.00   143.4091  -37.8887    35.8335   9.2926   5218
005221   35.24476   22.20779   0.00   148.8128  -36.1237    40.2689   7.7158   5220
005223   40.27972   22.20779   0.00   153.8769  -33.9902    44.7233   6.2395   5222
005225   45.31469   22.20779   0.00   158.5851  -31.5288    49.2008   4.8729   5224
005227   50.34965   22.20779   0.00   162.9393  -28.7793    53.7045   3.6251   5226
005229   55.38462   22.20779   0.00   166.9540  -25.7791    58.2356   2.5045   5228
005231   60.41958   22.20779   0.00   170.6519  -22.5619    62.7943   1.5189   5230
005233   65.45455   22.20779   0.00   174.0602  -19.1576    67.3795   0.6754   5232
005235   70.48951   22.20779   0.00   177.2072  -15.5924    71.9887  -0.0198   5234
005237   75.52448   22.20779   0.00   180.1215  -11.8888    76.6184  -0.5616   5236
005239   80.55944   22.20779   0.00   182.8301   -8.0660    81.2642  -0.9457   5238
005241   85.59441   22.20779   0.00   185.3583   -4.1404    85.9209  -1.1691   5240
005243   90.62937   22.20779   0.00   187.7296   -0.1261    90.5828  -1.2302   5242
005245   95.66434   22.20779   0.00   189.9653    3.9649    95.2439  -1.1284   5244
005247  100.69930   22.20779   0.00   192.0852    8.1224    99.8984  -0.8646   5246
005249  105.73427   22.20779   0.00   194.1078   12.3376   104.5407  -0.4408   5248
005251  110.76923   22.20779   0.00   196.0501   16.6028   109.1657   0.1398   5250
005253  115.80420   22.20779   0.00   197.9290   20.9114   113.7692   0.8726   5252
005255  120.83916   22.20779   0.00   199.7609   25.2576   118.3479   1.7523   5254
005257  125.87413   22.20779   0.00   201.5631   29.6362   122.8998   2.7723   5256
005259  130.90909   22.20779   0.00   203.3541   34.0424   127.4240   3.9254   5258
005261  135.94406   22.20779   0.00   205.1551   38.4719   131.9209   5.2037   5260
005263  140.97902   22.20779   0.00   206.9917   42.9207   136.3924   6.5986   5262
005265  146.01399   22.20779   0.00   208.8969   47.3845   140.8416   8.1010   5264
005267  151.04895   22.20779   0.00   210.9157   51.8591   145.2730   9.7013   5266
005269  156.08392   22.20779   0.00   213.1136   56.3393   149.6926  11.3898   5268
005271  161.11888   22.20779   0.00   215.5926   60.8187   154.1074  13.1560   5270
005273  166.15385   22.20779   0.00   218.5243   65.2879   158.5257  14.9897   5272
005275  171.18881   22.20779   0.00   222.2238   69.7313   162.9571  16.8799   5274
005277  176.22378   22.20779   0.00   227.3421   74.1179   167.4122  18.8156   5276
005279  181.25874   22.20779   0.00   235.4407   78.3738   171.9027  20.7853   5278
005281  186.29371   22.20779   0.00   251.0312   82.2690   176.4414  22.7772   5280
005283  191.32867   22.20779   0.00   286.8200   84.8869   181.0420  24.7790   5282
005285  196.36364   22.20779   0.00   336.5899   84.1399   185.7190  26.7778   5284
005287  201.39860   22.20779   0.00     2.3957   80.8160   190.4876  28.7600   5286
005289  206.43357   22.20779   0.00    14.1299   76.7300   195.3634  30.7116   5288
005291  211.46853   22.20779   0.00    20.7642   72.4086   200.3622  32.6173   5290
005293  216.50350   22.20779   0.00    25.2118   67.9943   205.4993  34.4614   5292
005295  221.53846   22.20779   0.00    28.5581   63.5383   210.7892  36.2270   5294
005297  226.57343   22.20779   0.00    31.2851   59.0637   216.2442  37.8964   5296
005299  231.60839   22.20779   0.00    33.6384   54.5830   221.8741  39.4513   5298
005301  236.64336   22.20779   0.00    35.7565   50.1044   227.6845  40.8727   5300
005303  241.67832   22.20779   0.00    37.7243   45.6335   233.6754  42.1416   5302
005305  246.71329   22.20779   0.00    39.5981   41.1751   239.8403  43.2393   5304
005307  251.74825   22.20779   0.00    41.4173   36.7334   246.1650  44.1484   5306
005309  256.78322   22.20779   0.00    43.2116   32.3124   252.6270  44.8532   5308
005311  261.81818   22.20779   0.00    45.0046   27.9165   259.1959  45.3407   5310
005313  266.85315   22.20779   0.00    46.8164   23.5501   265.8343  45.6016   5312
005315  271.88811   22.20779   0.00    48.6647   19.2180   272.5001  45.6307   5314
005317  276.92308   22.20779   0.00    50.5665   14.9256   279.1494  45.4274   5316
005319  281.95804   22.20779   0.00    52.5383   10.6792   285.7394  44.9959   5318
005321  286.99301   22.20779   0.00    54.5969    6.4856   292.2313  44.3443   5320
005323  292.02797   22.20779   0.00    56.7599    2.3531   298.5928  43.4849   5322
005325  297.06294   22.20779   0.00    59.0463   -1.7092   304.7993  42.4327   5324
005327  302.09790   22.20779   0.00    61.4764   -5.6903   310.8346  41.2049   5326
005329  307.13287   22.20779   0.00    64.0725   -9.5774   316.6903  39.8199   5328
005331  312.16783   22.20779   0.00    66.8586  -13.3556   322.3650  38.2966   5330
005333  317.20280   22.20779   0.00    69.8608  -17.0074   327.8630  36.6541   5332
005335  322.23776   22.20779   0.00    73.1067  -20.5124   333.1930  34.9108   5334
005337  327.27273   22.20779   0.00    76.6252  -23.8466   338.3671  33.0848   5336
005339  332.30769   22.20779   0.00    80.4442  -26.9826   343.3990  31.1929   5338
005341  337.34266   22.20779   0.00    84.5896  -29.8888   348.3041  29.2514   5340
005343  342.37762   22.20779   0.00    89.0814  -32.5300   353.0980  27.2754   5342
005345  347.41259   22.20779   0.00    93.9298  -34.8677   357.7965  25.2795   5344
005347  352.44755   22.20779   0.00    99.1300  -36.8616     2.4148  23.2772   5346
005349  357.48252   22.20779   0.00   104.6575  -38.4715     6.9676  21.2817   5348
005491    0.00000   26.88312   0.00   108.9784  -34.5910    11.4012  24.5105   5490
005493    5.21739   26.88312   0.00   114.5553  -35.4909    15.9750  22.4946   5492
005495   10.43478   26.88312   0.00   120.2606  -35.9383    20.5064  20.5241   5494
005497   15.65217   26.88312   0.00   126.0080  -35.9219    25.0085  18.6108   5496
005499   20.86957   26.88312   0.00   131.7070  -35.4421    29.4929  16.7663   5498
005501   26.08696   26.88312   0.00   137.2720  -34.5110    33.9697  15.0016   5500
005503   31.30435   26.88312   0.00   142.6299  -33.1509    38.4478  13.3275   5502
005505   36.52174   26.88312   0.00   147.7257  -31.3918    42.9342  11.7543   5504
005507   41.73913   26.88312   0.00   152.5238  -29.2686    47.4349  10.2918   5506
005509   46.95652   26.88312   0.00   157.0067  -26.8182    51.9540   8.9497   5508
005511   52.17391   26.88312   0.00   161.1720  -24.0774    56.4945   7.7366   5510
005513   57.39130   26.88312   0.00   165.0286  -21.0813    61.0578   6.6610   5512
005515   62.60870   26.88312   0.00   168.5929  -17.8619    65.6439   5.7304   5514
005517   67.82609   26.88312   0.00   171.8858  -14.4482    70.2515   4.9513   5516
005519   73.04348   26.88312   0.00   174.9301  -10.8659    74.8782   4.3296   5518
005521   78.26087   26.88312   0.00   177.7491   -7.1372    79.5205   3.8699   5520
005523   83.47826   26.88312   0.00   180.3655   -3.2816    84.1743   3.5756   5522
005525   88.69565   26.88312   0.00   182.8007    0.6842    88.8345   3.4491   5524
005527   93.91304   26.88312   0.00   185.0742    4.7459    93.4961   3.4913   5526
005529   99.13043   26.88312   0.00   187.2042    8.8910    98.1537   3.7019   5528
005531  104.34783   26.88312   0.00   189.2068   13.1088   102.8024   4.0793   5530
005533  109.56522   26.88312   0.00   191.0968   17.3901   107.4374   4.6205   5532
005535  114.78261   26.88312   0.00   192.8873   21.7269   112.0549   5.3215   5534
005537  120.00000   26.88312   0.00   194.5902   26.1122   116.6520   6.1772   5536
005539  125.21739   26.88312   0.00   196.2164   30.5400   121.2267   7.1812   5538
005541  130.43478   26.88312   0.00   197.7755   35.0050   125.7785   8.3265   5540
005543  135.65217   26.88312   0.00   199.2769   39.5024   130.3081   9.6052   5542
005545  140.86957   26.88312   0.00   200.7290   44.0280   134.8175  11.0086   5544
005547  146.08696   26.88312   0.00   202.1403   48.5782   139.3104  12.5276   5546
005549  151.30435   26.88312   0.00   203.5192   53.1495   143.7919  14.1526   5548
005551  156.52174   26.88312   0.00   204.8752   57.7390   148.2683  15.8733   5550
005553  161.73913   26.88312   0.00   206.2196   62.3438   152.7477  17.6793   5552
005555  166.95652   26.88312   0.00   207.5684   66.9614   157.2396  19.5596   5554
005557  172.17391   26.88312   0.00   208.9483   71.5892   161.7548  21.5030   5556
005559  177.39130   26.88312   0.00   210.4158   76.2250   166.3057  23.4977   5558
005561  182.60870   26.88312   0.00   212.1330   80.8662   170.9062  25.5315   5560
005563  187.82609   26.88312   0.00   214.9153   85.5090   175.5714  27.5919   5562
005565  193.04348   26.88312   0.00   336.7465   89.7051   180.3182  29.6653   5564
005567  198.26087   26.88312   0.00    31.2451   85.1817   185.1645  31.7377   5566
005569  203.47826   26.88312   0.00    33.8683   80.5387   190.1296  33.7940   5568
005571  208.69565   26.88312   0.00    35.5566   75.8978   195.2337  35.8181   5570
005573  213.91304   26.88312   0.00    37.0147   71.2625   200.4974  37.7929   5572
005575  219.13043   26.88312   0.00    38.3912   66.6353   205.9412  39.6996   5574
005577  224.34783   26.88312   0.00    39.7389   62.0186   211.5847  41.5185   5576
005579  229.56522   26.88312   0.00    41.0837   57.4148   217.4447  43.2282   5578
005581  234.78261   26.88312   0.00    42.4410   52.8265   223.5339  44.8063   5580
005583  240.00000   26.88312   0.00    43.8219   48.2565   229.8590  46.2295   5582
005585  245.21739   26.88312   0.00    45.2358   43.7080   236.4175  47.4743   5584
005587  250.43478   26.88312   0.00    46.6911   39.1842   243.1966  48.5180   5586
005589  255.65217   26.88312   0.00    48.1963   34.6890   250.1707  49.3394   5588
005591  260.86957   26.88312   0.00    49.7599   30.2265   257.3012  49.9207   5590
005593  266.08696   26.88312   0.00    51.3911   25.8015   264.5380  50.2482   5592
005595  271.30435   26.88312   0.00    53.0998   21.4194   271.8220  50.3141   5594
005597  276.52174   26.88312   0.00    54.8969   17.0862   279.0901  50.1168   5596
005599  281.73913   26.88312   0.00    56.7944   12.8091   286.2807  49.6610   5598
005601  286.95652   26.88312   0.00    58.8055    8.5961   293.3386  48.9577   5600
005603  292.17391   26.88312   0.00    60.9451    4.4566   300.2192  48.0227   5602
005605  297.39130   26.88312   0.00    63.2294    0.4012   306.8904  46.8757   5604
005607  302.60870   26.88312   0.00    65.6767   -3.5574   313.3331  45.5387   5606
005609  307.82609   26.88312   0.00    68.3067   -7.4046   319.5399  44.0351   5608
005611  313.04348   26.88312   0.00    71.1408  -11.1236   325.5133  42.3884   5610
005613  318.26087   26.88312   0.00    74.2019  -14.6948   331.2631  40.6214   5612
005615  323.47826   26.88312   0.00    77.5132  -18.0956   336.8045  38.7560   5614
005617  328.69565   26.88312   0.00    81.0974  -21.3003   342.1557  36.8128   5616
005619  333.91304   26.88312   0.00    84.9753  -24.2795   347.3370  34.8111   5618
005621  339.13043   26.88312   0.00    89.1629  -27.0009   352.3690  32.7688   5620
005623  344.34783   26.88312   0.00    93.6682  -29.4295   357.2723  30.7025   5622
005625  349.56522   26.88312   0.00    98.4881  -31.5282     2.0665  28.6278   5624
005627  354.78261   26.88312   0.00   103.6038  -33.2603     6.7703  26.5592   5626
005765    0.00000   31.55844   0.00   110.2766  -30.0461    13.7293  28.6972   5764
005767    5.41353   31.55844   0.00   115.5391  -30.8854    18.3846  26.6285   5766
005769   10.82707   31.55844   0.00   120.9055  -31.2813    22.9873  24.6145   5768
005771   16.24060   31.55844   0.00   126.3010  -31.2248    27.5524  22.6677   5770
005773   21.65414   31.55844   0.00   131.6483  -30.7172    32.0929  20.8001   5772
005775   27.06767   31.55844   0.00   136.8742  -29.7700    36.6203  19.0228   5774
005777   32.48120   31.55844   0.00   141.9160  -28.4036    41.1437  17.3470   5776
005779   37.89474   31.55844   0.00   146.7251  -26.6454    45.6711  15.7830   5778
005781   43.30827   31.55844   0.00   151.2686  -24.5272    50.2083  14.3407   5780
005783   48.72180   31.55844   0.00   155.5284  -22.0832    54.7599  13.0297   5782
005785   54.13534   31.55844   0.00   159.4992  -19.3474    59.3286  11.8585   5784
005787   59.54887   31.55844   0.00   163.1856  -16.3531    63.9159  10.8353   5786
005789   64.96241   31.55844   0.00   166.5987  -13.1308    68.5217   9.9671   5788
005791   70.37594   31.55844   0.00   169.7542   -9.7086    73.1446   9.2603   5790
005793   75.78947   31.55844   0.00   172.6699   -6.1118    77.7823   8.7199   5792
005795   81.20301   31.55844   0.00   175.3642   -2.3624    82.4314   8.3500   5794
005797   86.61654   31.55844   0.00   177.8551    1.5199    87.0879   8.1534   5796
005799   92.03008   31.55844   0.00   180.1596    5.5182    91.7473   8.1315   5798
005801   97.44361   31.55844   0.00   182.2930    9.6175    96.4049   8.2845   5800
005803  102.85714   31.55844   0.00   184.2685   13.8049   101.0563   8.6113   5802
005805  108.27068   31.55844   0.00   186.0976   18.0691   105.6972   9.1094   5804
005807  113.68421   31.55844   0.00   187.7889   22.4001   110.3241   9.7751   5806
005809  119.09774   31.55844   0.00   189.3486   26.7893   114.9343  10.6035   5808
005811  124.51128   31.55844   0.00   190.7798   31.2288   119.5263  11.5886   5810
005813  129.92481   31.55844   0.00   192.0816   35.7118   124.0996  12.7235   5812
005815  135.33835   31.55844   0.00   193.2483   40.2317   128.6553  14.0003   5814
005817  140.75188   31.55844   0.00   194.2671   44.7827   133.1957  15.4106   5816
005819  146.16541   31.55844   0.00   195.1149   49.3590   137.7251  16.9451   5818
005821  151.57895   31.55844   0.00   195.7523   53.9545   142.2488  18.5940   5820
005823  156.99248   31.55844   0.00   196.1122   58.5626   146.7744  20.3468   5822
005825  162.40602   31.55844   0.00   196.0766   63.1750   151.3107  22.1930   5824
005827  167.81955   31.55844   0.00   195.4248   67.7796   155.8685  24.1210   5826
005829  173.23308   31.55844   0.00   193.7053   72.3551   160.4604  26.1193   5828
005831  178.64662   31.55844   0.00   189.8550   76.8553   165.1010  28.1756   5830
005833  184.06015   31.55844   0.00   180.8165   81.1470   169.8068  30.2769   5832
005835  189.47368   31.55844   0.00   155.7874   84.6776   174.5962  32.4097   5834
005837  194.88722   31.55844   0.00   101.6710   85.2305   179.4902  34.5596   5836
005839  200.30075   31.55844   0.00    69.0467   82.1485   184.5115  36.7109   5838
005841  205.71429   31.55844   0.00    57.5786   77.9608   189.6851  38.8472   5840
005843  211.12782   31.55844   0.00    52.8577   73.4939   195.0378  40.9500   5842
005845  216.54135   31.55844   0.00    50.7437   68.9313   200.5979  42.9995   5844
005847  221.95489   31.55844   0.00    49.8807   64.3315   206.3938  44.9738   5846
005849  227.36842   31.55844   0.00    49.7171   59.7197   212.4531  46.8490   5848
005851  232.78195   31.55844   0.00    49.9917   55.1096   218.7999  48.5989   5850
005853  238.19549   31.55844   0.00    50.5673   50.5102   225.4521  50.1958   5852
005855  243.60902   31.55844   0.00    51.3668   45.9286   232.4173  51.6103   5854
005857  249.02256   31.55844   0.00    52.3454   41.3707   239.6883  52.8127   5856
005859  254.43609   31.55844   0.00    53.4765   36.8424   247.2394  53.7748   5858
005861  259.84962   31.55844   0.00    54.7452   32.3496   255.0239  54.4713   5860
005863  265.26316   31.55844   0.00    56.1441   27.8986   262.9739  54.8822   5862
005865  270.67669   31.55844   0.00    57.6715   23.4961   271.0052  54.9954   5864
005867  276.09023   31.55844   0.00    59.3293   19.1497   279.0247  54.8071   5866
005869  281.50376   31.55844   0.00    61.1231   14.8678   286.9407  54.3232   5868
005871  286.91729   31.55844   0.00    63.0609   10.6602   294.6724  53.5583   5870
005873  292.33083   31.55844   0.00    65.1535    6.5376   302.1571  52.5336   5872
005875  297.74436   31.55844   0.00    67.4137    2.5127   309.3533  51.2754   5874
005877  303.15789   31.55844   0.00    69.8564   -1.4003   316.2402  49.8125   5876
005879  308.57143   31.55844   0.00    72.4980   -5.1847   322.8148  48.1747   5878
005881  313.98496   31.55844   0.00    75.3564   -8.8218   329.0878  46.3908   5880
005883  319.39850   31.55844   0.00    78.4500  -12.2900   335.0788  44.4885   5882
005885  324.81203   31.55844   0.00    81.7969  -15.5650   340.8131  42.4933   5884
005887  330.22556   31.55844   0.00    85.4134  -18.6193   346.3187  40.4285   5886
005889  335.63910   31.55844   0.00    89.3122  -21.4230   351.6240  38.3155   5888
005891  341.05263   31.55844   0.00    93.4996  -23.9434   356.7571  36.1738   5890
005893  346.46617   31.55844   0.00    97.9730  -26.1465     1.7443  34.0213   5892
005895  351.87970   31.55844   0.00   102.7180  -27.9982     6.6101  31.8743   5894
005897  357.29323   31.55844   0.00   107.7053  -29.4656    11.3768  29.7481   5896
006027    0.00000   36.23377   0.00   111.4605  -25.4896    16.2508  32.8408   6026
006029    5.71429   36.23377   0.00   116.5073  -26.2812    21.0443  30.6878   6028
006031   11.42857   36.23377   0.00   121.6409  -26.6236    25.7740  28.6025   6030
006033   17.14286   36.23377   0.00   126.7922  -26.5095    30.4575  26.5984   6032
006035   22.85714   36.23377   0.00   131.8908  -25.9413    35.1103  24.6880   6034
006037   28.57143   36.23377   0.00   136.8703  -24.9311    39.7449  22.8834   6036
006039   34.28571   36.23377   0.00   141.6738  -23.4993    44.3721  21.1963   6038
006041   40.00000   36.23377   0.00   146.2569  -21.6729    49.0000  19.6374   6040
006043   45.71429   36.23377   0.00   150.5888  -19.4829    53.6352  18.2172   6042
006045   51.42857   36.23377   0.00   154.6515  -16.9629    58.2820  16.9450   6044
006047   57.14286   36.23377   0.00   158.4384  -14.1464    62.9431  15.8299   6046
006049   62.85714   36.23377   0.00   161.9515  -11.0660    67.6197  14.8796   6048
006051   68.57143   36.23377   0.00   165.1987   -7.7525    72.3114  14.1011   6050
006053   74.28571   36.23377   0.00   168.1918   -4.2339    77.0165  13.5001   6052
006055   80.00000   36.23377   0.00   170.9447   -0.5358    81.7323  13.0811   6054
006057   85.71429   36.23377   0.00   173.4713    3.3192    86.4554  12.8472   6056
006059   91.42857   36.23377   0.00   175.7853    7.3107    91.1816  12.8003   6058
006061   97.14286   36.23377   0.00   177.8982   11.4210    95.9068  12.9408   6060
006063  102.85714   36.23377   0.00   179.8196   15.6342   100.6267  13.2676   6062
006065  108.57143   36.23377   0.00   181.5561   19.9361   105.3376  13.7781   6064
006067  114.28571   36.23377   0.00   183.1103   24.3141   110.0363  14.4685   6066
006069  120.00000   36.23377   0.00   184.4804   28.7568   114.7205  15.3337   6068
006071  125.71429   36.23377   0.00   185.6585   33.2535   119.3894  16.3674   6070
006073  131.42857   36.23377   0.00   186.6285   37.7940   124.0431  17.5620   6072
006075  137.14286   36.23377   0.00   187.3629   42.3682   128.6836  18.9094   6074
006077  142.85714   36.23377   0.00   187.8173   46.9654   133.3145  20.4002   6076
006079  148.57143   36.23377   0.00   187.9211   51.5735   137.9411  22.0245   6078
006081  154.28571   36.23377   0.00   187.5606   56.1772   142.5708  23.7718   6080
006083  160.00000   36.23377   0.00   186.5479   60.7553   147.2131  25.6307   6082
006085  165.71429   36.23377   0.00   184.5583   65.2752   151.8795  27.5895   6084
006087  171.42857   36.23377   0.00   180.9987   69.6794   156.5840  29.6359   6086
006089  177.14286   36.23377   0.00   174.7213   73.8547   161.3432  31.7567   6088
006091  182.85714   36.23377   0.00   163.4650   77.5508   166.1763  33.9383   6090
006093  188.57143   36.23377   0.00   143.6707   80.1937   171.1057  36.1660   6092
006095  194.28571   36.23377   0.00   115.7070   80.8143   176.1572  38.4242   6094
006097  200.00000   36.23377   0.00    91.0358   79.0614   181.3600  40.6959   6096
006099  205.71429   36.23377   0.00    75.9534   75.7909   186.7472  42.9624   6098
006101  211.42857   36.23377   0.00    67.5625   71.8099   192.3558  45.2032   6100
006103  217.14286   36.23377   0.00    62.8382   67.5005   198.2264  47.3950   6102
006105  222.85714   36.23377   0.00    60.1617   63.0290   204.4020  49.5119   6104
006107  228.57143   36.23377   0.00    58.7129   58.4748   210.9262  51.5246   6106
006109  234.28571   36.23377   0.00    58.0558   53.8808   217.8399  53.4001   6108
006111  240.00000   36.23377   0.00    57.9449   49.2727   225.1756  55.1020   6110
006113  245.71429   36.23377   0.00    58.2347   44.6684   232.9497  56.5913   6112
006115  251.42857   36.23377   0.00    58.8358   40.0813   241.1537  57.8277   6114
006117  257.14286   36.23377   0.00    59.6921   35.5226   249.7445  58.7723   6116
006119  262.85714   36.23377   0.00    60.7686   31.0027   258.6394  59.3917   6118
006121  268.57143   36.23377   0.00    62.0440   26.5317   267.7183  59.6617   6120
006123  274.28571   36.23377   0.00    63.5066   22.1199   276.8354  59.5714   6122
006125  280.00000   36.23377   0.00    65.1517   17.7784   285.8394  59.1244   6124
006127  285.71429   36.23377   0.00    66.9799   13.5191   294.5951  58.3387   6126
006129  291.42857   36.23377   0.00    68.9959    9.3554   303.0002  57.2436   6128
006131  297.14286   36.23377   0.00    71.2078    5.3023   310.9923  55.8758   6130
006133  302.85714   36.23377   0.00    73.6264    1.3766   318.5465  54.2751   6132
006135  308.57143   36.23377   0.00    76.2642   -2.4028   325.6679  52.4816   6134
006137  314.28571   36.23377   0.00    79.1352   -6.0143   332.3822  50.5332   6136
006139  320.00000   36.23377   0.00    82.2536   -9.4339   338.7267  48.4646   6138
006141  325.71429   36.23377   0.00    85.6322  -12.6347   344.7443  46.3067   6140
006143  331.42857   36.23377   0.00    89.2812  -15.5873   350.4786  44.0874   6142
006145  337.14286   36.23377   0.00    93.2061  -18.2600   355.9717  41.8310   6144
006147  342.85714   36.23377   0.00    97.4046  -20.6195     1.2623  39.5595   6146
006149  348.57143   36.23377   0.00   101.8649  -22.6321     6.3855  37.2923   6148
006151  354.28571   36.23377   0.00   106.5628  -24.2652    11.3725  35.0473   6150
006275    0.00000   40.90909   0.00   112.5578  -20.9242    19.0178  36.9289   6274
006277    6.10169   40.90909   0.00   117.4405  -21.6743    23.9755  34.6714   6276
006279   12.20339   40.90909   0.00   122.3973  -21.9599    28.8577  32.4985   6278
006281   18.30508   40.90909   0.00   127.3614  -21.7752    33.6860  30.4247   6280
006283   24.40678   40.90909   0.00   132.2655  -21.1241    38.4784  28.4638   6282
006285   30.50847   40.90909   0.00   137.0468  -20.0197    43.2493  26.6288   6284
006287   36.61017   40.90909   0.00   141.6517  -18.4838    48.0106  24.9321   6286
006289   42.71186   40.90909   0.00   146.0379  -16.5442    52.7711  23.3851   6288
006291   48.81356   40.90909   0.00   150.1759  -14.2328    57.5374  21.9987   6290
006293   54.91525   40.90909   0.00   154.0476  -11.5838    62.3139  20.7827   6292
006295   61.01695   40.90909   0.00   157.6451   -8.6316    67.1029  19.7461   6294
006297   67.11864   40.90909   0.00   160.9683   -5.4098    71.9050  18.8964   6296
006299   73.22034   40.90909   0.00   164.0221   -1.9497    76.7193  18.2403   6298
006301   79.32203   40.90909   0.00   166.8145    1.7192    81.5435  17.7828   6300
006303   85.42373   40.90909   0.00   169.3547    5.5704    86.3745  17.5274   6302
006305   91.52542   40.90909   0.00   171.6516    9.5797    91.2086  17.4762   6304
006307   97.62712   40.90909   0.00   173.7119   13.7253    96.0416  17.6296   6306
006309  103.72881   40.90909   0.00   175.5395   17.9876   100.8696  17.9865   6308
006311  109.83051   40.90909   0.00   177.1340   22.3485   105.6892  18.5438   6310
006313  115.93220   40.90909   0.00   178.4890   26.7913   110.4976  19.2974   6312
006315  122.03390   40.90909   0.00   179.5905   31.3001   115.2932  20.2415   6314
006317  128.13559   40.90909   0.00   180.4137   35.8593   120.0758  21.3688   6316
006319  134.23729   40.90909   0.00   180.9187   40.4526   124.8468  22.6712   6318
006321  140.33898   40.90909   0.00   181.0440   45.0621   129.6096  24.1392   6320
006323  146.44068   40.90909   0.00   180.6949   49.6665   134.3695  25.7624   6322
006325  152.54237   40.90909   0.00   179.7253   54.2381   139.1343  27.5298   6324
006327  158.64407   40.90909   0.00   177.9058   58.7382   143.9143  29.4293   6326
006329  164.74576   40.90909   0.00   174.8689   63.1074   148.7226  31.4483   6328
006331  170.84746   40.90909   0.00   170.0198   67.2475   153.5754  33.5734   6330
006333  176.94915   40.90909   0.00   162.4223   70.9875   158.4924  35.7905   6332
006335  183.05085   40.90909   0.00   150.8238   74.0250   163.4973  38.0845   6334
006337  189.15254   40.90909   0.00   134.4897   75.8847   168.6184  40.4392   6336
006339  195.25424   40.90909   0.00   115.3899   76.0786   173.8894  42.8372   6338
006341  201.35593   40.90909   0.00    98.1621   74.5433   179.3501  45.2591   6340
006343  207.45763   40.90909   0.00    85.5540   71.7137   185.0471  47.6834   6342
006345  213.55932   40.90909   0.00    77.2063   68.0935   191.0350  50.0858   6344
006347  219.66102   40.90909   0.00    71.8587   64.0215   197.3763  52.4378   6346
006349  225.76271   40.90909   0.00    68.4922   59.6915   204.1407  54.7066   6348
006351  231.86441   40.90909   0.00    66.4481   55.2136   211.4022  56.8536   6350
006353  237.96610   40.90909   0.00    65.3188   50.6535   219.2327  58.8337   6352
006355  244.06780   40.90909   0.00    64.8509   46.0535   227.6901  60.5954   6354
006357  250.16949   40.90909   0.00    64.8835   41.4432   236.7994  62.0817   6356
006359  256.27119   40.90909   0.00    65.3130   36.8448   246.5299  63.2341   6358
006361  262.37288   40.90909   0.00    66.0717   32.2769   256.7732  63.9986   6360
006363  268.47458   40.90909   0.00    67.1159   27.7559   267.3377  64.3343   6362
006365  274.57627   40.90909   0.00    68.4179   23.2975   277.9699  64.2218   6364
006367  280.67797   40.90909   0.00    69.9617   18.9177   288.4024  63.6678   6366
006369  286.77966   40.90909   0.00    71.7394   14.6327   298.4082  62.7032   6368
006371  292.88136   40.90909   0.00    73.7494   10.4604   307.8364  61.3766   6370
006373  298.98305   40.90909   0.00    75.9949    6.4200   316.6196  59.7453   6372
006375  305.08475   40.90909   0.00    78.4821    2.5329   324.7578  57.8676   6374
006377  311.18644   40.90909   0.00    81.2195   -1.1774   332.2953  55.7980   6376
006379  317.28814   40.90909   0.00    84.2163   -4.6847   339.2990  53.5849   6378
006381  323.38983   40.90909   0.00    87.4810   -7.9604   345.8427  51.2700   6380
006383  329.49153   40.90909   0.00    91.0194  -10.9734   351.9990  48.8890   6382
006385  335.59322   40.90909   0.00    94.8325  -13.6904   357.8342  46.4724   6384
006387  341.69492   40.90909   0.00    98.9143  -16.0773     3.4067  44.0464   6386
006389  347.79661   40.90909   0.00   103.2492  -18.0997     8.7671  41.6339   6388
006391  353.89831   40.90909   0.00   107.8102  -19.7250    13.9586  39.2553   6390
006507    0.00000   45.58442   0.00   113.5899  -16.3522    22.0959  40.9455   6506
006509    6.54545   45.58442   0.00   118.3139  -17.0608    27.1991  38.5801   6508
006511   13.09091   45.58442   0.00   123.1015  -17.2870    32.2174  36.3195   6510
006513   19.63636   45.58442   0.00   127.8868  -17.0264    37.1767  34.1796   6512
006515   26.18182   45.58442   0.00   132.6039  -16.2842    42.0974  32.1753   6514
006517   32.72727   45.58442   0.00   137.1921  -15.0754    46.9959  30.3203   6516
006519   39.27273   45.58442   0.00   141.5991  -13.4232    51.8846  28.6279   6518
006521   45.81818   45.58442   0.00   145.7838  -11.3570    56.7728  27.1100   6520
006523   52.36364   45.58442   0.00   149.7168   -8.9103    61.6670  25.7780   6522
006525   58.90909   45.58442   0.00   153.3790   -6.1187    66.5708  24.6418   6524
006527   65.45455   45.58442   0.00   156.7607   -3.0183    71.4861  23.7102   6526
006529   72.00000   45.58442   0.00   159.8583    0.3559    76.4126  22.9906   6528
006531   78.54545   45.58442   0.00   162.6728    3.9706    81.3485  22.4886   6530
006533   85.09091   45.58442   0.00   165.2067    7.7945    86.2910  22.2083   6532
006535   91.63636   45.58442   0.00   167.4626   11.7986    91.2364  22.1522   6534
006537   98.18182   45.58442   0.00   169.4406   15.9564    96.1809  22.3205   6536
006539  104.72727   45.58442   0.00   171.1370   20.2430   101.1205  22.7120   6538
006541  111.27273   45.58442   0.00   172.5417   24.6348   106.0520  23.3235   6540
006543  117.81818   45.58442   0.00   173.6362   29.1093   110.9730  24.1500   6542
006545  124.36364   45.58442   0.00   174.3899   33.6435   115.8825  25.1849   6544
006547  130.90909   45.58442   0.00   174.7552   38.2136   120.7811  26.4202   6546
006549  137.45455   45.58442   0.00   174.6609   42.7926   125.6717  27.8464   6548
006551  144.00000   45.58442   0.00   174.0014   47.3486   130.5592  29.4530   6550
006553  150.54545   45.58442   0.00   172.6202   51.8400   135.4514  31.2283   6552
006555  157.09091   45.58442   0.00   170.2859   56.2103   140.3592  33.1596   6554
006557  163.63636   45.58442   0.00   166.6600   60.3764   145.2969  35.2335   6556
006559  170.18182   45.58442   0.00   161.2654   64.2122   150.2829  37.4357   6558
006561  176.72727   45.58442   0.00   153.5065   67.5240   155.3400  39.7507   6560
006563  183.27273   45.58442   0.00   142.8858   70.0293   160.4971  42.1624   6562
006565  189.81818   45.58442   0.00   129.6122   71.3857   165.7895  44.6531   6564
006567  196.36364   45.58442   0.00   115.2511   71.3342   171.2610  47.2036   6566
006569  202.90909   45.58442   0.00   102.1306   69.8859   176.9657  49.7923   6568
006571  209.45455   45.58442   0.00    91.7184   67.3125   182.9703  52.3947   6570
006573  216.00000   45.58442   0.00    84.1466   63.9554   189.3569  54.9821   6572
006575  222.54545   45.58442   0.00    78.8957   60.0908   196.2258  57.5201   6574
006577  229.09091   45.58442   0.00    75.3751   55.9068   203.6962  59.9664   6576
006579  235.63636   45.58442   0.00    73.1179   51.5256   211.9033  62.2690   6578
006581  242.18182   45.58442   0.00    71.7943   47.0279   220.9866  64.3634   6580
006583  248.72727   45.58442   0.00    71.1792   42.4692   231.0602  66.1717   6582
006585  255.27273   45.58442   0.00    71.1204   37.8898   242.1606  67.6055   6584
006587  261.81818   45.58442   0.00    71.5152   33.3214   254.1772  68.5748   6586
006589  268.36364   45.58442   0.00    72.2942   28.7906   266.8023  69.0055   6588
006591  274.90909   45.58442   0.00    73.4115   24.3213   279.5594  68.8608   6590
006593  281.45455   45.58442   0.00    74.8374   19.9362   291.9312  68.1534   6592
006595  288.00000   45.58442   0.00    76.5539   15.6579   303.5154  66.9412   6594
006597  294.54545   45.58442   0.00    78.5517   11.5101   314.1053  65.3086   6596
006599  301.09091   45.58442   0.00    80.8271    7.5178   323.6728  63.3468   6598
006601  307.63636   45.58442   0.00    83.3808    3.7078   332.3012  61.1394   6600
006603  314.18182   45.58442   0.00    86.2152    0.1091   340.1224  58.7577   6602
006605  320.72727   45.58442   0.00    89.3330   -3.2469   347.2759  56.2597   6604
006607  327.27273   45.58442   0.00    92.7346   -6.3267   353.8900  53.6923   6606
006609  333.81818   45.58442   0.00    96.4164   -9.0951     0.0742  51.0935   6608
006611  340.36364   45.58442   0.00   100.3679  -11.5160     5.9196  48.4946   6610
006613  346.90909   45.58442   0.00   104.5695  -13.5540    11.5002  45.9221   6612
006615  353.45455   45.58442   0.00   108.9908  -15.1758    16.8761  43.3990   6614
006722    0.00000   50.25974   0.00   114.5747  -11.7755    25.5683  44.8698   6721
006724    7.12871   50.25974   0.00   119.1836  -12.4451    30.8335  42.3719   6723
006726   14.25743   50.25974   0.00   123.8476  -12.6021    36.0090  40.0061   6725
006728   21.38614   50.25974   0.00   128.4981  -12.2430    41.1249  37.7898   6727
006730   28.51485   50.25974   0.00   133.0673  -11.3756    46.2044  35.7393   6729
006732   35.64356   50.25974   0.00   137.4929  -10.0176    51.2650  33.8697   6731
006734   42.77228   50.25974   0.00   141.7219   -8.1955    56.3196  32.1952   6733
006736   49.90099   50.25974   0.00   145.7120   -5.9424    61.3769  30.7288   6735
006738   57.02970   50.25974   0.00   149.4322   -3.2953    66.4426  29.4821   6737
006740   64.15842   50.25974   0.00   152.8615   -0.2938    71.5192  28.4653   6739
006742   71.28713   50.25974   0.00   155.9864    3.0224    76.6071  27.6869   6741
006744   78.41584   50.25974   0.00   158.7990    6.6144    81.7045  27.1535   6743
006746   85.54455   50.25974   0.00   161.2934   10.4448    86.8084  26.8698   6745
006748   92.67327   50.25974   0.00   163.4636   14.4779    91.9150  26.8382   6747
006750   99.80198   50.25974   0.00   165.3005   18.6799    97.0200  27.0591   6749
006752  106.93069   50.25974   0.00   166.7889   23.0182   102.1194  27.5303   6751
006754  114.05941   50.25974   0.00   167.9044   27.4609   107.2098  28.2480   6753
006756  121.18812   50.25974   0.00   168.6097   31.9753   112.2893  29.2059   6755
006758  128.31683   50.25974   0.00   168.8487   36.5267   117.3575  30.3961   6757
006760  135.44554   50.25974   0.00   168.5400   41.0761   122.4166  31.8086   6759
006762  142.57426   50.25974   0.00   167.5666   45.5765   127.4712  33.4323   6761
006764  149.70297   50.25974   0.00   165.7635   49.9685   132.5292  35.2544   6763
006766  156.83168   50.25974   0.00   162.9024   54.1721   137.6026  37.2610   6765
006768  163.96040   50.25974   0.00   158.6835   58.0762   142.7075  39.4374   6767
006770  171.08911   50.25974   0.00   152.7550   61.5250   147.8655  41.7673   6769
006772  178.21782   50.25974   0.00   144.8163   64.3068   153.1050  44.2339   6771
006774  185.34653   50.25974   0.00   134.8704   66.1662   158.4625  46.8189   6773
006776  192.47525   50.25974   0.00   123.5572   66.8666   163.9852  49.5023   6775
006778  199.60396   50.25974   0.00   112.1658   66.3008   169.7346  52.2623   6777
006780  206.73267   50.25974   0.00   102.0282   64.5563   175.7908  55.0739   6779
006782  213.86139   50.25974   0.00    93.8643   61.8612   182.2598  57.9075   6781
006784  220.99010   50.25974   0.00    87.7309   58.4732   189.2819  60.7273   6783
006786  228.11881   50.25974   0.00    83.3449   54.6097   197.0433  63.4871   6785
006788  235.24752   50.25974   0.00    80.3532   50.4323   205.7853  66.1261   6787
006790  242.37624   50.25974   0.00    78.4482   46.0564   215.8045  68.5619   6789
006792  249.50495   50.25974   0.00    77.3944   41.5645   227.4156  70.6832   6791
006794  256.63366   50.25974   0.00    77.0204   37.0180   240.8323  72.3473   6793
006796  263.76238   50.25974   0.00    77.2048   32.4648   255.9327  73.3945   6795
006798  270.89109   50.25974   0.00    77.8628   27.9447   272.0292  73.6927   6797
006800  278.01980   50.25974   0.00    78.9362   23.4927   287.9732  73.1988   6799
006802  285.14851   50.25974   0.00    80.3858   19.1416   302.6930  71.9828   6801
006804  292.27723   50.25974   0.00    82.1860   14.9233   315.6517  70.1896   6803
006806  299.40594   50.25974   0.00    84.3208   10.8704   326.8377  67.9775   6805
006808  306.53465   50.25974   0.00    86.7806    7.0165   336.5076  65.4818   6807
006810  313.66337   50.25974   0.00    89.5591    3.3971   344.9786  62.8058   6809
006812  320.79208   50.25974   0.00    92.6507    0.0493   352.5348  60.0260   6811
006814  327.92079   50.25974   0.00    96.0476   -2.9881   359.4032  57.1989   6813
006816  335.04950   50.25974   0.00    99.7373   -5.6753     5.7573  54.3676   6815
006818  342.17822   50.25974   0.00   103.6997   -7.9727    11.7280  51.5664   6817
006820  349.30693   50.25974   0.00   107.9047   -9.8430    17.4140  48.8234   6819
006822  356.43564   50.25974   0.00   112.3115  -11.2524    22.8903  46.1626   6821
006919    0.00000   54.93506   0.00   115.5272   -7.1955    29.5409  48.6736   6918
006921    7.91209   54.93506   0.00   120.0653   -7.8265    34.9794  46.0135   6920
006923   15.82418   54.93506   0.00   124.6509   -7.8971    40.3339  43.5229   6922
006925   23.73626   54.93506   0.00   129.2080   -7.4056    45.6381  41.2216   6924
006927   31.64835   54.93506   0.00   133.6621   -6.3633    50.9165  39.1278   6926
006929   39.56044   54.93506   0.00   137.9456   -4.7930    56.1866  37.2587   6928
006931   47.47253   54.93506   0.00   142.0009   -2.7273    61.4599  35.6300   6930
006933   55.38462   54.93506   0.00   145.7818   -0.2061    66.7434  34.2558   6932
006935   63.29670   54.93506   0.00   149.2531    2.7262    72.0404  33.1484   6934
006937   71.20879   54.93506   0.00   152.3888    6.0227    77.3508  32.3179   6936
006939   79.12088   54.93506   0.00   155.1689    9.6362    82.6724  31.7722   6938
006941   87.03297   54.93506   0.00   157.5761   13.5196    88.0010  31.5164   6940
006943   94.94505   54.93506   0.00   159.5920   17.6271    93.3316  31.5530   6942
006945  102.85714   54.93506   0.00   161.1929   21.9133    98.6589  31.8816   6944
006947  110.76923   54.93506   0.00   162.3462   26.3329   103.9780  32.4991   6946
006949  118.68132   54.93506   0.00   163.0047   30.8391   109.2851  33.3996   6948
006951  126.59341   54.93506   0.00   163.1010   35.3815   114.5786  34.5748   6950
006953  134.50549   54.93506   0.00   162.5406   39.9029   119.8592  36.0138   6952
006955  142.41758   54.93506   0.00   161.1935   44.3349   125.1309  37.7040   6954
006957  150.32967   54.93506   0.00   158.8866   48.5917   130.4017  39.6309   6956
006959  158.24176   54.93506   0.00   155.4034   52.5614   135.6847  41.7782   6958
006961  166.15385   54.93506   0.00   150.5047   56.0970   140.9989  44.1286   6960
006963  174.06593   54.93506   0.00   143.9996   59.0109   146.3708  46.6634   6962
006965  181.97802   54.93506   0.00   135.8936   61.0843   151.8369  49.3628   6964
006967  189.89011   54.93506   0.00   126.5795   62.1090   157.4468  52.2053   6966
006969  197.80220   54.93506   0.00   116.8875   61.9606   163.2689  55.1677   6968
006971  205.71429   54.93506   0.00   107.8121   60.6581   169.3985  58.2240   6970
006973  213.62637   54.93506   0.00   100.0866   58.3541   175.9718  61.3436   6972
006975  221.53846   54.93506   0.00    93.9925   55.2654   183.1877  64.4887   6974
006977  229.45055   54.93506   0.00    89.4685   51.6055   191.3444  67.6087   6976
006979  237.36264   54.93506   0.00    86.3009   47.5520   200.8954  70.6308   6978
006981  245.27473   54.93506   0.00    84.2520   43.2422   212.5184  73.4426   6980
006983  253.18681   54.93506   0.00    83.1155   38.7806   227.1251  75.8634   6982
006985  261.09890   54.93506   0.00    82.7296   34.2481   245.5124  77.6162   6984
006987  269.01099   54.93506   0.00    82.9738   29.7097   267.1818  78.3647   6986
006989  276.92308   54.93506   0.00    83.7611   25.2206   289.3064  77.9097   6988
006991  284.83516   54.93506   0.00    85.0298   20.8300   308.6481  76.3772   6990
006993  292.74725   54.93506   0.00    86.7369   16.5841   324.1483  74.0935   6992
006995  300.65934   54.93506   0.00    88.8522   12.5283   336.4254  71.3591   6994
006997  308.57143   54.93506   0.00    91.3540    8.7079   346.4206  68.3769   6996
006999  316.48352   54.93506   0.00    94.2245    5.1690   354.8759  65.2734   6998
007001  324.39560   54.93506   0.00    97.4460    1.9589     2.2941  62.1292   7000
007003  332.30769   54.93506   0.00   100.9973   -0.8751     9.0062  58.9993   7002
007005  340.21978   54.93506   0.00   104.8503   -3.2868    15.2320  55.9241   7004
007007  348.13187   54.93506   0.00   108.9672   -5.2324    21.1208  52.9356   7006
007009  356.04396   54.93506   0.00   113.2991   -6.6738    26.7764  50.0608   7008
007096    0.00000   59.61039   0.00   116.4606   -2.6135    34.1481  52.3189   7095
007098    8.88889   59.61039   0.00   120.9213   -3.1993    39.6931  49.4935   7097
007100   17.77778   59.61039   0.00   125.4215   -3.1662    45.1847  46.8852   7099
007102   26.66667   59.61039   0.00   129.8729   -2.5150    50.6546  44.5165   7101
007104   35.55556   59.61039   0.00   134.1905   -1.2622    56.1239  42.4086   7103
007106   44.44444   59.61039   0.00   138.2972    0.5617    61.6059  40.5810   7105
007108   53.33333   59.61039   0.00   142.1273    2.9146    67.1078  39.0514   7107
007110   62.22222   59.61039   0.00   145.6267    5.7459    72.6316  37.8349   7109
007112   71.11111   59.61039   0.00   148.7518    8.9998    78.1757  36.9441   7111
007114   80.00000   59.61039   0.00   151.4660   12.6171    83.7353  36.3884   7113
007116   88.88889   59.61039   0.00   153.7355   16.5373    89.3037  36.1738   7115
007118   97.77778   59.61039   0.00   155.5243   20.6988    94.8731  36.3026   7117
007120  106.66667   59.61039   0.00   156.7886   25.0386   100.4356  36.7734   7119
007122  115.55556   59.61039   0.00   157.4710   29.4908   105.9841  37.5812   7121
007124  124.44444   59.61039   0.00   157.4941   33.9841   111.5133  38.7173   7123
007126  133.33333   59.61039   0.00   156.7546   38.4377   117.0206  40.1701   7125
007128  142.22222   59.61039   0.00   155.1183   42.7561   122.5071  41.9247   7127
007130  151.11111   59.61039   0.00   152.4220   46.8224   127.9787  43.9643   7129
007132  160.00000   59.61039   0.00   148.4906   50.4910   133.4468  46.2697   7131
007134  168.88889   59.61039   0.00   143.1872   53.5841   138.9304  48.8201   7133
007136  177.77778   59.61039   0.00   136.5103   55.8991   144.4584  51.5935   7135
007138  186.66667   59.61039   0.00   128.7197   57.2386   150.0729  54.5662   7137
007140  195.55556   59.61039   0.00   120.3961   57.4647   155.8358  57.7136   7139
007142  204.44444   59.61039   0.00   112.3107   56.5521   161.8398  61.0089   7141
007144  213.33333   59.61039   0.00   105.1466   54.5991   168.2283  64.4223   7143
007146  222.22222   59.61039   0.00    99.2913   51.7873   175.2357  67.9186   7145
007148  231.11111   59.61039   0.00    94.8318   48.3222   183.2691  71.4511   7147
007150  240.00000   59.61039   0.00    91.6699   44.3932   193.0927  74.9484   7149
007152  248.88889   59.61039   0.00    89.6374   40.1586   206.2510  78.2783   7151
007154  257.77778   59.61039   0.00    88.5629   35.7457   225.8933  81.1485   7153
007156  266.66667   59.61039   0.00    88.3000   31.2577   256.2520  82.8903   7155
007158  275.55556   59.61039   0.00    88.7336   26.7804   292.3987  82.6156   7157
007160  284.44444   59.61039   0.00    89.7768   22.3883   319.8791  80.5017   7159
007162  293.33333   59.61039   0.00    91.3651   18.1490   337.4865  77.4731   7161
007164  302.22222   59.61039   0.00    93.4501   14.1265   349.5958  74.0830   7163
007166  311.11111   59.61039   0.00    95.9934   10.3827   358.8684  70.5679   7165
007168  320.00000   59.61039   0.00    98.9609    6.9787     6.5923  67.0390   7167
007170  328.88889   59.61039   0.00   102.3178    3.9743    13.4156  63.5597   7169
007172  337.77778   59.61039   0.00   106.0237    1.4268    19.6905  60.1727   7171
007174  346.66667   59.61039   0.00   110.0288   -0.6107    25.6232  56.9118   7173
007176  355.55556   59.61039   0.00   114.2720   -2.0925    31.3418  53.8057   7175
007252    0.00000   64.28571   0.00   117.3872    1.9691    39.5564  55.7534   7251
007254   10.28571   64.28571   0.00   121.8152    1.4363    45.1708  52.7314   7253
007256   20.57143   64.28571   0.00   126.2711    1.6141    50.8106  49.9942   7255
007258   30.85714   64.28571   0.00   130.6436    2.4972    56.4917  47.5700   7257
007260   41.14286   64.28571   0.00   134.8261    4.0586    62.2217  45.4852   7259
007262   51.42857   64.28571   0.00   138.7228    6.2526    68.0015  43.7638   7261
007264   61.71429   64.28571   0.00   142.2507    9.0184    73.8268  42.4263   7263
007266   72.00000   64.28571   0.00   145.3390   12.2840    79.6891  41.4894   7265
007268   82.28571   64.28571   0.00   147.9255   15.9697    85.5764  40.9648   7267
007270   92.57143   64.28571   0.00   149.9504   19.9903    91.4748  40.8596   7269
007272  102.85714   64.28571   0.00   151.3496   24.2558    97.3696  41.1750   7271
007274  113.14286   64.28571   0.00   152.0472   28.6698   103.2460  41.9069   7273
007276  123.42857   64.28571   0.00   151.9487   33.1270   109.0911  43.0460   7275
007278  133.71429   64.28571   0.00   150.9367   37.5079   114.8945  44.5778   7277
007280  144.00000   64.28571   0.00   148.8735   41.6731   120.6496  46.4836   7279
007282  154.28571   64.28571   0.00   145.6181   45.4569   126.3546  48.7413   7281
007284  164.57143   64.28571   0.00   141.0712   48.6652   132.0136  51.3254   7283
007286  174.85714   64.28571   0.00   135.2575   51.0846   137.6381  54.2087   7285
007288  185.14286   64.28571   0.00   128.4251   52.5121   143.2492  57.3619   7287
007290  195.42857   64.28571   0.00   121.0883   52.8057   148.8822  60.7549   7289
007292  205.71429   64.28571   0.00   113.9246   51.9339   154.5948  64.3568   7291
007294  216.00000   64.28571   0.00   107.5530   49.9880   160.4860  68.1356   7293
007296  226.28571   64.28571   0.00   102.3573   47.1475   166.7408  72.0581   7295
007298  236.57143   64.28571   0.00    98.4625   43.6259   173.7548  76.0868   7297
007300  246.85714   64.28571   0.00    95.8192   39.6290   182.5725  80.1715   7299
007302  257.14286   64.28571   0.00    94.2992   35.3371   197.1071  84.2022   7301
007304  267.42857   64.28571   0.00    93.7597   30.9021   243.6471  87.4866   7303
007306  277.71429   64.28571   0.00    94.0720   26.4526   328.2129  86.0711   7305
007308  288.00000   64.28571   0.00    95.1306   22.1003   351.4271  82.2071   7307
007310  298.28571   64.28571   0.00    96.8509   17.9455     2.1828  78.1264   7309
007312  308.57143   64.28571   0.00    99.1639   14.0812     9.8875  74.0618   7311
007314  318.85714   64.28571   0.00   102.0086   10.5950    16.4493  70.0811   7313
007316  329.14286   64.28571   0.00   105.3247    7.5696    22.4906  66.2261   7315
007318  339.42857   64.28571   0.00   109.0464    5.0810    28.2763  62.5317   7317
007320  349.71429   64.28571   0.00   113.0970    3.1963    33.9399  59.0303   7319
007386    0.00000   68.96104   0.00   118.3189    6.5512    45.9616  58.9058   7385
007388   12.41379   68.96104   0.00   122.7710    6.0898    51.5815  55.6515   7387
007390   24.82759   68.96104   0.00   127.2289    6.4896    57.4045  52.7837   7389
007392   37.24138   68.96104   0.00   131.5335    7.7340    63.3945  50.3448   7391
007394   49.65517   68.96104   0.00   135.5350    9.7722    69.5206  48.3726   7393
007396   62.06897   68.96104   0.00   139.0983   12.5243    75.7528  46.8991   7395
007398   74.48276   68.96104   0.00   142.1042   15.8866    82.0602  45.9490   7397
007400   86.89655   68.96104   0.00   144.4444   19.7378    88.4099  45.5389   7399
007402   99.31034   68.96104   0.00   146.0138   23.9417    94.7681  45.6758   7401
007404  111.72414   68.96104   0.00   146.7007   28.3478   101.1008  46.3574   7403
007406  124.13793   68.96104   0.00   146.3806   32.7883   107.3746  47.5718   7405
007408  136.55172   68.96104   0.00   144.9174   37.0727   113.5576  49.2982   7407
007410  148.96552   68.96104   0.00   142.1835   40.9827   119.6194  51.5082   7409
007412  161.37931   68.96104   0.00   138.1101   44.2723   125.5299  54.1666   7411
007414  173.79310   68.96104   0.00   132.7746   46.6828   131.2565  57.2332   7413
007416  186.20690   68.96104   0.00   126.4943   47.9827   136.7575  60.6637   7415
007418  198.62069   68.96104   0.00   119.8429   48.0288   141.9699  64.4112   7417
007420  211.03448   68.96104   0.00   113.5143   46.8155   146.7804  68.4258   7419
007422  223.44828   68.96104   0.00   108.0970   44.4777   150.9539  72.6547   7421
007424  235.86207   68.96104   0.00   103.9280   41.2427   153.9140  77.0372   7423
007426  248.27586   68.96104   0.00   101.0991   37.3687   153.8384  81.4862   7425
007428  260.68966   68.96104   0.00    99.5486   33.1035   141.4872  85.7432   7427
007430  273.10345   68.96104   0.00    99.1510   28.6676    65.3550  87.3285   7429
007432  285.51724   68.96104   0.00    99.7699   24.2533    29.2954  83.6773   7431
007434  297.93103   68.96104   0.00   101.2798   20.0296    25.5115  79.2615   7433
007436  310.34483   68.96104   0.00   103.5682   16.1484    27.3510  74.8311   7435
007438  322.75862   68.96104   0.00   106.5298   12.7467    31.0298  70.5170   7437
007440  335.17241   68.96104   0.00   110.0569    9.9472    35.5641  66.3883   7439
007442  347.58621   68.96104   0.00   114.0312    7.8547    40.5948  62.5009   7441
007497    0.00000   73.63636   0.00   119.2679   11.1316    53.5664  61.6807   7496
007499   15.31915   73.63636   0.00   123.6371   10.7781    58.8727  58.2890   7498
007501   30.63830   73.63636   0.00   127.9676   11.4638    64.7252  55.4071   7500
007503   45.95745   73.63636   0.00   132.0220   13.1476    70.9582  53.1073   7502
007505   61.27660   73.63636   0.00   135.5783   15.7296    77.4525  51.4478   7504
007507   76.59574   73.63636   0.00   138.4358   19.0601    84.1102  50.4711   7506
007509   91.91489   73.63636   0.00   140.4125   22.9488    90.8427  50.2027   7508
007511  107.23404   73.63636   0.00   141.3383   27.1704    97.5646  50.6496   7510
007513  122.55319   73.63636   0.00   141.0507   31.4672   104.1900  51.8001   7512
007515  137.87234   73.63636   0.00   139.4070   35.5475   110.6287  53.6243   7514
007517  153.19149   73.63636   0.00   136.3292   39.0886   116.7790  56.0756   7516
007519  168.51064   73.63636   0.00   131.8896   41.7552   122.5131  59.0923   7518
007521  183.82979   73.63636   0.00   126.4121   43.2470   127.6472  62.5985   7520
007523  199.14894   73.63636   0.00   120.4984   43.3728   131.8758  66.5026   7522
007525  214.46809   73.63636   0.00   114.8918   42.1157   134.6197  70.6897   7524
007527  229.78723   73.63636   0.00   110.2343   39.6393   134.6280  74.9938   7526
007529  245.10638   73.63636   0.00   106.9015   36.2302   128.8574  79.1041   7528
007531  260.42553   73.63636   0.00   105.0041   32.2219   110.2852  82.2319   7530
007533  275.74468   73.63636   0.00   104.4834   27.9415    77.2352  82.6672   7532
007535  291.06383   73.63636   0.00   105.2038   23.6865    54.2107  80.0292   7534
007537  306.38298   73.63636   0.00   107.0048   19.7208    46.0842  76.0578   7536
007539  321.70213   73.63636   0.00   109.7176   16.2754    45.0472  71.7632   7538
007541  337.02128   73.63636   0.00   113.1630   13.5472    47.2665  67.5281   7540
007543  352.34043   73.63636   0.00   117.1440   11.6939    51.1946  63.5412   7542
007585    0.00000   78.31169   0.00   120.2473   15.7089    62.5218  63.9560   7584
007587   20.57143   78.31169   0.00   124.5488   15.5369    67.3637  60.4751   7586
007589   41.14286   78.31169   0.00   128.6844   16.7235    73.4018  57.7189   7588
007591   61.71429   78.31169   0.00   132.2250   19.1411    80.1553  55.8423   7590
007593   82.28571   78.31169   0.00   134.7812   22.5301    87.2862  54.9451   7592
007595  102.85714   78.31169   0.00   136.0179   26.5207    94.5161  55.0741   7594
007597  123.42857   78.31169   0.00   135.6695   30.6555   101.5802  56.2226   7596
007599  144.00000   78.31169   0.00   133.5892   34.4127   108.1902  58.3305   7598
007601  164.57143   78.31169   0.00   129.8593   37.2502   113.9827  61.2848   7600
007603  185.14286   78.31169   0.00   124.9293   38.6966   118.4194  64.9152   7602
007605  205.71429   78.31169   0.00   119.6310   38.4850   120.5797  68.9747   7604
007607  226.28571   78.31169   0.00   114.9357   36.6558   118.7505  73.0783   7606
007609  246.85714   78.31169   0.00   111.5920   33.5396   110.0121  76.5460   7608
007611  267.42857   78.31169   0.00   109.9480   29.6369    92.5530  78.2262   7610
007613  288.00000   78.31169   0.00   110.0153   25.4913    73.6035  77.1867   7612
007615  308.57143   78.31169   0.00   111.6095   21.6112    62.6508  74.0415   7614
007617  329.14286   78.31169   0.00   114.4453   18.4341    59.4109  70.0162   7616
007619  349.71429   78.31169   0.00   118.1728   16.3044    60.7779  65.9017   7618
007648    0.00000   82.98701   0.00   121.2719   20.2816    72.8155  65.5909   7647
007650   32.72727   82.98701   0.00   125.4711   20.5104    77.2890  62.1730   7649
007652   65.45455   82.98701   0.00   128.9684   22.7410    84.1695  60.0476   7651
007654   98.18182   82.98701   0.00   130.7360   26.3409    91.9680  59.6037   7653
007656  130.90909   82.98701   0.00   130.0970   30.2431    99.4675  60.9167   7655
007658  163.63636   82.98701   0.00   127.0164   33.1892   105.3637  63.7581   7657
007660  196.36364   82.98701   0.00   122.4154   34.1272   107.8750  67.5631   7659
007662  229.09091   82.98701   0.00   118.0125   32.6989   104.4561  71.3200   7661
007664  261.81818   82.98701   0.00   115.4128   29.4449    93.5021  73.4738   7663
007666  294.54545   82.98701   0.00   115.3195   25.5033    80.1760  72.7067   7665
007668  327.27273   82.98701   0.00   117.5300   22.1187    72.9177  69.5332   7667
007686    0.00000   87.66234   0.00   122.3587   24.8481    84.1404  66.4510   7685
007688   72.00000   87.66234   0.00   125.1629   25.9116    88.3328  64.3279   7687
007690  144.00000   87.66234   0.00   124.9379   28.6519    94.4983  65.1188   7689
007692  216.00000   87.66234   0.00   121.8790   29.2739    95.0229  67.8584   7691
007694  288.00000   87.66234   0.00   120.3211   26.8947    88.0050  68.7724   7693
